molecule,noise_spectral_norm,trial,lambda_min_S,dF_tilde_norm,dF_loose_norm,loose_over_sharp,delta0_Ha,sin_theta_obs,dk_bound_sharp,dk_bound_loose,dk_sharp_holds,dk_sharp_tightness,deps_obs_Ha,weyl_sharp,weyl_loose,weyl_sharp_holds,weyl_sharp_tightness,s_B
water,1e-05,0,0.03756519597141745,5.2632213429636534e-05,0.000266203855494559,5.057812281644666,0.15150120111621895,2.462679616132253e-05,0.0003475253269868777,0.0017602000880499364,True,14.11167432053876,6.3170134820128565e-06,5.2632213429636534e-05,0.000266203855494559,True,8.331819075501764,1.4013011105099312e-05
water,1e-05,1,0.03756519597141745,4.2539747561126534e-05,0.000266203855494559,6.257767635128613,0.15150120111621895,1.1832169438790878e-05,0.0002808670509610718,0.0017602000880499364,True,23.737578506970184,1.7784315309438137e-06,4.2539747561126534e-05,0.000266203855494559,True,23.919811823483972,7.771923434887676e-06
water,1e-05,2,0.03756519597141745,4.288164113506495e-05,0.000266203855494559,6.2078747092745985,0.15150120111621895,1.3012971719202604e-05,0.0002831250292732802,0.0017602000880499364,True,21.757138598517546,1.8537885012326338e-06,4.288164113506495e-05,0.000266203855494559,True,23.131895092968694,8.13707102290529e-06
water,1e-05,3,0.03756519597141745,4.336771533233776e-05,0.000266203855494559,6.138295583582663,0.15150120111621895,1.510167074883654e-05,0.00028633524168769663,0.0017602000880499364,True,18.96050089092006,9.460051143272974e-06,4.336771533233776e-05,0.000266203855494559,True,4.584300304039737,9.629459649975582e-06
water,1e-05,4,0.03756519597141745,3.8472713172387404e-05,0.000266203855494559,6.919289895198204,0.15150120111621895,1.1441229562282577e-05,0.0002540077917387731,0.0017602000880499364,True,22.20109214276594,7.016347937177647e-06,3.8472713172387404e-05,0.000266203855494559,True,5.483296084638471,8.437136948806496e-06
water,1e-05,5,0.03756519597141745,4.194563329322582e-05,0.000266203855494559,6.346402106594267,0.15150120111621895,1.5436704010636493e-05,0.0002769433479616862,0.0017602000880499364,True,17.94057512347593,6.3079913208974325e-06,4.194563329322582e-05,0.000266203855494559,True,6.649602252030089,9.27199535522123e-06
water,1e-05,6,0.03756519597141745,7.972052257026309e-05,0.000266203855494559,3.3392136292124217,0.15150120111621895,1.7450583124349433e-05,0.0005264809342618919,0.0017602000880499364,True,30.169818997467992,8.803928632561409e-06,7.972052257026309e-05,0.000266203855494559,True,9.055107770344256,1.0620065005207372e-05
water,1e-05,7,0.03756519597141745,5.5072169368226445e-05,0.000266203855494559,4.833727426182411,0.15150120111621895,2.1406828933198065e-05,0.00036364197455026237,0.0017602000880499364,True,16.987194865948613,1.698197508608057e-06,5.5072169368226445e-05,0.000266203855494559,True,32.42977868538204,1.4077142043447365e-05
water,1e-05,8,0.03756519597141745,6.949393556623354e-05,0.000266203855494559,3.8306055532118255,0.15150120111621895,2.3613061036563132e-05,0.00045891271293223756,0.0017602000880499364,True,19.434698119894076,2.7392707980522513e-06,6.949393556623354e-05,0.000266203855494559,True,25.369501845398766,1.335324890238571e-05
water,1e-05,9,0.03756519597141745,5.2125840671854856e-05,0.000266203855494559,5.106946037961834,0.15150120111621895,1.7842073223739703e-05,0.0003441806467092445,0.0017602000880499364,True,19.290395370157782,3.2879388523476827e-06,5.2125840671854856e-05,0.000266203855494559,True,15.853652702402147,1.0474832708849203e-05
water,1e-05,10,0.03756519597141745,6.911905092197417e-05,0.000266203855494559,3.8513818107118722,0.15150120111621895,1.0029499936075707e-05,0.00045643598093150615,0.0017602000880499364,True,45.50934581391484,6.596047712831288e-06,6.911905092197417e-05,0.000266203855494559,True,10.478858542444579,7.267918213273011e-06
water,1e-05,11,0.03756519597141745,7.412304848568519e-05,0.000266203855494559,3.5913775935155834,0.15150120111621895,2.754232458499058e-05,0.0004894966569488318,0.0017602000880499364,True,17.77252517079067,6.598064380858304e-06,7.412304848568519e-05,0.000266203855494559,True,11.23405959795181,1.4970810361272327e-05
water,1e-05,12,0.03756519597141745,7.117090695010769e-05,0.000266203855494559,3.740346539087573,0.15150120111621895,1.8929249525324347e-05,0.00046999202768270603,0.0017602000880499364,True,24.828878031003338,7.672266576302933e-06,7.117090695010769e-05,0.000266203855494559,True,9.276386090380493,1.1490370327663217e-05
water,1e-05,13,0.03756519597141745,4.262928418048644e-05,0.000266203855494559,6.244624103174921,0.15150120111621895,2.0811348172595373e-05,0.00028145837944227166,0.0017602000880499364,True,13.524274213666722,8.389380725115636e-07,4.262928418048644e-05,0.000266203855494559,True,50.81338608565635,1.1817175144432429e-05
water,1e-05,14,0.03756519597141745,7.768690596051777e-05,0.000266203855494559,3.4266245025879876,0.15150120111621895,2.0981078373380236e-05,0.000513043871460056,0.0017602000880499364,True,24.452693151891605,8.672505335038938e-06,7.768690596051777e-05,0.000266203855494559,True,8.957838935727674,1.1780312757070492e-05
water,1e-05,15,0.03756519597141745,7.64802549323983e-05,0.000266203855494559,3.4806873451174996,0.15150120111621895,2.3148501887556796e-05,0.0005050711303767794,0.0017602000880499364,True,21.81873940828432,8.670328127541316e-06,7.64802549323983e-05,0.000266203855494559,True,8.820918171419441,1.3798845375774116e-05
water,1e-05,16,0.03756519597141745,3.500295119973383e-05,0.000266203855494559,7.605183173714315,0.15150120111621895,1.9824167938030404e-05,0.00023109414261259038,0.0017602000880499364,True,11.657192540689824,1.150515417296799e-05,3.500295119973383e-05,0.000266203855494559,True,3.04237132971023,1.2452878210389856e-05
water,1e-05,17,0.03756519597141745,7.142391561892109e-05,0.000266203855494559,3.7270969140767503,0.15150120111621895,3.1960958719683474e-05,0.0004716636116046407,0.0017602000880499364,True,14.757492594055448,4.616634993348523e-06,7.142391561892109e-05,0.000266203855494559,True,15.470990390582324,1.699766646249323e-05
water,1e-05,18,0.03756519597141745,8.849123897008626e-05,0.000266203855494559,3.00825097029715,0.15150120111621895,2.3808614457724014e-05,0.0005844373239328891,0.0017602000880499364,True,24.547305134897734,1.5614364489408006e-05,8.849123897008626e-05,0.000266203855494559,True,5.6672968682211975,1.4029777606311706e-05
water,1e-05,19,0.03756519597141745,4.0852900185946815e-05,0.000266203855494559,6.516155628679987,0.15150120111621895,1.5027198630266977e-05,0.0002697267018538538,0.0017602000880499364,True,17.949233818643002,2.1640379327392267e-06,4.0852900185946815e-05,0.000266203855494559,True,18.878088765401376,9.527617657595946e-06
water,0.0001,0,0.03756519597141745,0.0005033210504210582,0.00266203855494559,5.2889473879914926,0.15150120111621895,0.0001641785839717201,0.0033332987867229274,0.017885336823564132,True,20.302884250098607,5.604483289384926e-05,0.0005033210504210582,0.00266203855494559,True,8.980686076348281,0.00011716933611347893
water,0.0001,1,0.03756519597141745,0.0005590155848118289,0.00266203855494559,4.7620113414935705,0.15150120111621895,0.0002950447844757291,0.003703507954676543,0.017885336823564132,True,12.552358657203106,0.00010810431580893232,0.0005590155848118289,0.00266203855494559,True,5.171075554465877,0.00016297485763975143
water,0.0001,2,0.03756519597141745,0.0007430488694457724,0.00266203855494559,3.582588796523114,0.15150120111621895,0.00016449844310457767,0.004928747522916635,0.017885336823564132,True,29.962274596017,4.193523889578499e-05,0.0007430488694457724,0.00266203855494559,True,17.71896116515168,0.00010592053541869728
water,0.0001,3,0.03756519597141745,0.0006261244438117385,0.00266203855494559,4.251612568804302,0.15150120111621895,0.00015111671535420035,0.004149952779618022,0.017885336823564132,True,27.461904329319268,6.250072617097757e-05,0.0006261244438117385,0.00266203855494559,True,10.017874705949922,0.00010648054234739357
water,0.0001,4,0.03756519597141745,0.0005815354910307597,0.00266203855494559,4.57760290816848,0.15150120111621895,0.0002131029371087422,0.0038532784221442283,0.017885336823564132,True,18.081770596047566,7.436643325842152e-05,0.0005815354910307597,0.00266203855494559,True,7.819865301458498,0.000129114079710596
water,0.0001,5,0.03756519597141745,0.0005033229922652755,0.00266203855494559,5.2889269829790875,0.15150120111621895,0.00015031621266140569,0.0033333116896655944,0.017885336823564132,True,22.175330462682926,3.707560343213512e-05,0.0005033229922652755,0.00266203855494559,True,13.575584634423576,9.178102335504504e-05
water,0.0001,6,0.03756519597141745,0.0006729418815862638,0.00266203855494559,3.955822379000416,0.15150120111621895,0.000207889884084137,0.0044616432292002815,0.017885336823564132,True,21.461569661535666,4.347920516844378e-05,0.0006729418815862638,0.00266203855494559,True,15.47732712636315,0.0001293779485628131
water,0.0001,7,0.03756519597141745,0.0004910448311058711,0.00266203855494559,5.4211721340197645,0.15150120111621895,0.00011461424069751427,0.0032517338117229633,0.017885336823564132,True,28.371115072033856,3.9718722054910005e-05,0.0004910448311058711,0.00266203855494559,True,12.363057160474993,8.017704756510042e-05
water,0.0001,8,0.03756519597141745,0.0005275493836771595,0.00266203855494559,5.046046185080293,0.15150120111621895,0.00011545779619277198,0.003494314256978711,0.017885336823564132,True,30.264861899360124,5.9683809851329706e-05,0.0005275493836771595,0.00266203855494559,True,8.839070176506269,8.832574273607638e-05
water,0.0001,9,0.03756519597141745,0.0003780954759846368,0.00266203855494559,7.0406516978631,0.15150120111621895,0.00016718826747465576,0.0025019038245861352,0.017885336823564132,True,14.9645896950598,6.295569239800347e-05,0.0003780954759846368,0.00266203855494559,True,6.005739299860792,0.00010203299003268775
water,0.0001,10,0.03756519597141745,0.0005006764746346807,0.00266203855494559,5.316883636060493,0.15150120111621895,0.00022650195379623212,0.0033157267222950993,0.017885336823564132,True,14.63884380122401,5.533901923618356e-05,0.0005006764746346807,0.00266203855494559,True,9.047440333154876,0.00013044597195345254
water,0.0001,11,0.03756519597141745,0.0011465614799292315,0.00266203855494559,2.321758232371366,0.15150120111621895,0.00029737080075446846,0.007625713996606835,0.017885336823564132,True,25.643788755518045,0.00012887361862715108,0.0011465614799292315,0.00266203855494559,True,8.896789677694935,0.0001755327678633951
water,0.0001,12,0.03756519597141745,0.0008943111043830707,0.00266203855494559,2.9766359177458317,0.15150120111621895,0.0001648769401505224,0.005938049078052064,0.017885336823564132,True,36.01503686707792,6.07666053450695e-05,0.0008943111043830707,0.00266203855494559,True,14.717147671893665,0.00012476570394975853
water,0.0001,13,0.03756519597141745,0.00047689752867610994,0.00266203855494559,5.581992765480532,0.15150120111621895,0.00013662113652112296,0.0031577535360040325,0.017885336823564132,True,23.113213785304833,5.217746875141316e-05,0.00047689752867610994,0.00266203855494559,True,9.139913071447985,8.881301835402317e-05
water,0.0001,14,0.03756519597141745,0.0005225608495112869,0.00266203855494559,5.094217367097442,0.15150120111621895,0.0001424018829383467,0.0034611574762374977,0.017885336823564132,True,24.30555976381306,0.00011085805871988152,0.0005225608495112869,0.00266203855494559,True,4.713783152487855,8.97470416572239e-05
water,0.0001,15,0.03756519597141745,0.0005765751010295894,0.00266203855494559,4.61698493429909,0.15150120111621895,0.0002709684062772638,0.0038202851068954227,0.017885336823564132,True,14.098636661671845,6.87067013188658e-05,0.0005765751010295894,0.00266203855494559,True,8.391832091512022,0.00014666642255542505
water,0.0001,16,0.03756519597141745,0.0007522283571140865,0.00266203855494559,3.5388702509946097,0.15150120111621895,0.00024232563523438763,0.004989940185636547,0.017885336823564132,True,20.59187910849822,3.494158009382381e-05,0.0007522283571140865,0.00266203855494559,True,21.52817231201999,0.00014326623691233826
water,0.0001,17,0.03756519597141745,0.0004266575668978019,0.00266203855494559,6.23928593204403,0.15150120111621895,0.000190034038698121,0.002824152612835871,0.017885336823564132,True,14.861298703029645,3.730325273613305e-05,0.0004266575668978019,0.00266203855494559,True,11.437543259720313,0.00011681319267722495
water,0.0001,18,0.03756519597141745,0.0004440886041673911,0.00266203855494559,5.99438609764952,0.15150120111621895,0.0001510806750434047,0.0029398721899437943,0.017885336823564132,True,19.45895587969265,6.288792036701629e-05,0.0004440886041673911,0.00266203855494559,True,7.061588323730108,0.00010277643445023105
water,0.0001,19,0.03756519597141745,0.0009150315222879014,0.00266203855494559,2.909231529302461,0.15150120111621895,0.00018937733835404778,0.006076464556840544,0.017885336823564132,True,32.086545357820874,2.235807396802625e-05,0.0009150315222879014,0.00266203855494559,True,40.92622305465427,0.00012339471054504178
water,0.001,0,0.03756519597141745,0.004445196645049204,0.0266203855494559,5.988573211739486,0.15150120111621895,0.0019321793343565672,0.030227916643285942,0.21316633326456988,True,15.644467418627116,0.0009492037382236029,0.004445196645049204,0.0266203855494559,True,4.683079581384933,0.001169629461476462
water,0.001,1,0.03756519597141745,0.00459763712806162,0.0266203855494559,5.7900144809121,0.15150120111621895,0.0019580572024233264,0.03129697471759269,0.21316633326456988,True,15.983687646540153,0.0014282364566713113,0.00459763712806162,0.0266203855494559,True,3.2191008054625665,0.001304653195246801
water,0.001,2,0.03756519597141745,0.006691278123966316,0.0266203855494559,3.9783708069328356,0.15150120111621895,0.0021201216817560613,0.04620731774247473,0.21316633326456988,True,21.79465364657843,0.0011061000198562265,0.006691278123966316,0.0266203855494559,True,6.04943314695543,0.0012409069382859012
water,0.001,3,0.03756519597141745,0.004443069043901092,0.0266203855494559,5.991440890615271,0.15150120111621895,0.0021912586332157587,0.03021301155733538,0.21316633326456988,True,13.78797148787343,0.0002334080117460946,0.004443069043901092,0.0266203855494559,True,19.03563211332412,0.0012006225428203851
water,0.001,4,0.03756519597141745,0.005428861226333449,0.0266203855494559,4.903493465688533,0.15150120111621895,0.0028163737486054307,0.03716556625591071,0.21316633326456988,True,13.196247932048719,0.000325924049980969,0.005428861226333449,0.0266203855494559,True,16.65682918045,0.001468068234258476
water,0.001,5,0.03756519597141745,0.007981755913046513,0.0266203855494559,3.3351540487405495,0.15150120111621895,0.002054614484443708,0.055614456297174146,0.21316633326456988,True,27.06807370348696,0.000249983082308676,0.007981755913046513,0.0266203855494559,True,31.929184324524574,0.0012289098481408295
water,0.001,6,0.03756519597141745,0.0050102794627073415,0.0266203855494559,5.31315383654695,0.15150120111621895,0.0018171702808228807,0.03420197925000384,0.21316633326456988,True,18.82155987853595,0.000656429978362183,0.0050102794627073415,0.0266203855494559,True,7.632618295721615,0.0011235825128019406
water,0.001,7,0.03756519597141745,0.006692028989669574,0.0266203855494559,3.9779244218083267,0.15150120111621895,0.0028661744987045707,0.046212742545212404,0.21316633326456988,True,16.123492329618887,0.00037514999517118675,0.006692028989669574,0.0266203855494559,True,17.838275558595964,0.00160089836421387
water,0.001,8,0.03756519597141745,0.005945021130104493,0.0266203855494559,4.477761300906933,0.15150120111621895,0.0015875056087727916,0.04084348140128181,0.21316633326456988,True,25.728086361128216,0.0005393735275545375,0.005945021130104493,0.0266203855494559,True,11.022085486951111,0.001008383751671453
water,0.001,9,0.03756519597141745,0.0038498489989931125,0.0266203855494559,6.914657057047739,0.15150120111621895,0.001615105282723142,0.02607391631562287,0.21316633326456988,True,16.143787401686314,8.851920325383955e-05,0.0038498489989931125,0.0266203855494559,True,43.49168155019655,0.0010662099112419094
water,0.001,10,0.03756519597141745,0.007599637933353003,0.0266203855494559,3.502849186094164,0.15150120111621895,0.0021124404855009903,0.052811364694458546,0.21316633326456988,True,25.000166895558102,0.0003806714668317668,0.007599637933353003,0.0266203855494559,True,19.963770851025124,0.0012298355167046685
water,0.001,11,0.03756519597141745,0.005102830073144139,0.0266203855494559,5.216788560049697,0.15150120111621895,0.0020253879360343243,0.03485578450625473,0.21316633326456988,True,17.20943622015532,0.0013242357859168108,0.005102830073144139,0.0266203855494559,True,3.8534150242823157,0.0011293688643824868
water,0.001,12,0.03756519597141745,0.004908494230599125,0.0266203855494559,5.423330312482948,0.15150120111621895,0.001866845628046265,0.033483891080809486,0.21316633326456988,True,17.936079222496737,0.0015223652558946366,0.004908494230599125,0.0266203855494559,True,3.2242552906362727,0.0011868996947460588
water,0.001,13,0.03756519597141745,0.005923953980408345,0.0266203855494559,4.49368540631724,0.15150120111621895,0.0010884069054149861,0.04069285617746174,0.21316633326456988,True,37.38753950844003,0.00011985908725314909,0.005923953980408345,0.0266203855494559,True,49.4243208101245,0.0008125935254746326
water,0.001,14,0.03756519597141745,0.006499771550599502,0.0266203855494559,4.0955878744693095,0.15150120111621895,0.002041785381054655,0.04482556875522439,0.21316633326456988,True,21.95410407536094,0.0004917317410069247,0.006499771550599502,0.0266203855494559,True,13.218124860701174,0.0012101874585709015
water,0.001,15,0.03756519597141745,0.0065379562308999105,0.0266203855494559,4.071667752017325,0.15150120111621895,0.0015683943907804892,0.04510078562377734,0.21316633326456988,True,28.756023286549485,0.0003650455751592341,0.0065379562308999105,0.0266203855494559,True,17.90997255081926,0.0008723231691282176
water,0.001,16,0.03756519597141745,0.003988438556742079,0.0266203855494559,6.674387776253103,0.15150120111621895,0.001522265414536222,0.027037921923087488,0.21316633326456988,True,17.761634511892883,0.00010828591940215126,0.003988438556742079,0.0266203855494559,True,36.83247626988189,0.0010901349478843014
water,0.001,17,0.03756519597141745,0.006682990633147673,0.0266203855494559,3.9833043334549405,0.15150120111621895,0.002177691893904153,0.04614744658738129,0.21316633326456988,True,21.190989743112112,0.00013471133668260804,0.006682990633147673,0.0266203855494559,True,49.6097121275947,0.001276530857137259
water,0.001,18,0.03756519597141745,0.008486758795464093,0.0266203855494559,3.136696375026431,0.15150120111621895,0.0030195175695823242,0.05934197034751125,0.21316633326456988,True,19.652798495131705,0.0009635241586486085,0.008486758795464093,0.0266203855494559,True,8.808039444872044,0.0016651104048862593
water,0.001,19,0.03756519597141745,0.005299695071086424,0.0266203855494559,5.023003246863935,0.15150120111621895,0.0019786184962782673,0.036249250876050514,0.21316633326456988,True,18.320485199261235,0.00046315049768810845,0.005299695071086424,0.0266203855494559,True,11.442706199260758,0.0012762379840524146
water,0.01,0,0.03756519597141745,0.041493548697118986,0.266203855494559,6.41554805152258,0.15150120111621895,0.019146411659185607,0.3771878390699547,inf,True,19.700184336577582,0.008802734449356725,0.041493548697118986,0.266203855494559,True,4.713711283219636,0.011463754824520889
water,0.01,1,0.03756519597141745,0.042593047689889,0.266203855494559,6.2499367838792175,0.15150120111621895,0.016697097420322764,0.3910914504550913,inf,True,23.422720764572944,0.0030949720177566586,0.042593047689889,0.266203855494559,True,13.762013822910715,0.010201408074737435
water,0.01,2,0.03756519597141745,0.04230070103824367,0.266203855494559,6.293131058369141,0.15150120111621895,0.015815863545021208,0.3873672831904487,inf,True,24.492325827658707,0.004139013568755429,0.04230070103824367,0.266203855494559,True,10.219995739459048,0.010250005182643109
water,0.01,3,0.03756519597141745,0.06597131816488178,0.266203855494559,4.035145316169628,0.15150120111621895,0.018140083570993823,0.7713247801638711,inf,True,42.52046453618478,0.009502407850729519,0.06597131816488178,0.266203855494559,True,6.942589625830155,0.011041341977923976
water,0.01,4,0.03756519597141745,0.09401364430187306,0.266203855494559,2.8315449046926835,0.15150120111621895,0.012829106146872833,1.6353738010729335,inf,True,127.47371347235794,0.0030161546612421097,0.09401364430187306,0.266203855494559,True,31.17003431884904,0.007904397780101753
water,0.01,5,0.03756519597141745,0.0703797853022937,0.266203855494559,3.7823908434952744,0.15150120111621895,0.02044010404099561,0.8675857613694701,inf,True,42.44527129751396,0.0033366326432111015,0.0703797853022937,0.266203855494559,True,21.093057830472386,0.012427092895939703
water,0.01,6,0.03756519597141745,0.05562472641204004,0.266203855494559,4.785710827998587,0.15150120111621895,0.01729103576685736,0.5801707518311117,inf,True,33.55326769626812,0.007149114484469449,0.05562472641204004,0.266203855494559,True,7.780645635606725,0.010147192959332352
water,0.01,7,0.03756519597141745,0.053535598015147665,0.266203855494559,4.972464404324722,0.15150120111621895,0.019290936352397665,0.5464734184294756,inf,True,28.327988255559955,0.001955317217545882,0.053535598015147665,0.266203855494559,True,27.37949501735589,0.011251102635961971
water,0.01,8,0.03756519597141745,0.04718910964753641,0.266203855494559,5.641213777561845,0.15150120111621895,0.012133691244998593,0.4523838893758921,inf,True,37.28328669664814,0.0029042640999335234,0.04718910964753641,0.266203855494559,True,16.248215735138047,0.00779884826332767
water,0.01,9,0.03756519597141745,0.050452412672455434,0.266203855494559,5.276335489103247,0.15150120111621895,0.012789721442849665,0.49928765549261,inf,True,39.03819623622422,0.005103234716311772,0.050452412672455434,0.266203855494559,True,9.886359432222742,0.008785125607316672
water,0.01,10,0.03756519597141745,0.08509812177341154,0.266203855494559,3.1281989537133708,0.15150120111621895,0.025690640821521334,1.2815387872916337,inf,True,49.88348855113316,0.005444746453707169,0.08509812177341154,0.266203855494559,True,15.629400284648831,0.015391534088740683
water,0.01,11,0.03756519597141745,0.07915470058888753,0.266203855494559,3.3630833483555764,0.15150120111621895,0.027704099529459417,1.0941054510160317,inf,True,39.492546937055444,0.004150067626349743,0.07915470058888753,0.266203855494559,True,19.073111022653208,0.017023173479098312
water,0.01,12,0.03756519597141745,0.054313319485804486,0.266203855494559,4.901262858075448,0.15150120111621895,0.02375030776950223,0.5588486812825787,inf,True,23.53016587011122,0.0052113463016034145,0.054313319485804486,0.266203855494559,True,10.422128245266197,0.015630490403670157
water,0.01,13,0.03756519597141745,0.0391065782441482,0.266203855494559,6.807137505935923,0.15150120111621895,0.009724194202171485,0.3479399391611456,inf,True,35.78085051853942,0.0008779660939319811,0.0391065782441482,0.266203855494559,True,44.54224202327557,0.0066776929091701895
water,0.01,14,0.03756519597141745,0.09708445756594236,0.266203855494559,2.741982209806819,0.15150120111621895,0.01656997054284562,1.784091645914907,inf,True,107.67017607555256,0.0030403969080835813,0.09708445756594236,0.266203855494559,True,31.93150779354545,0.009111165216235948
water,0.01,15,0.03756519597141745,0.09473111999750611,0.266203855494559,2.810099315848552,0.15150120111621895,0.02832656525519748,1.6686803705531494,inf,True,58.90867302547289,0.006522662281192922,0.09473111999750611,0.266203855494559,True,14.523382617960845,0.017509562792954764
water,0.01,16,0.03756519597141745,0.06149981984746007,0.266203855494559,4.328530655127653,0.15150120111621895,0.022509734788198302,0.683320844419171,inf,True,30.35668126918276,0.001764176425426145,0.06149981984746007,0.266203855494559,True,34.86035691277561,0.012519550941767602
water,0.01,17,0.03756519597141745,0.07597664769988696,0.266203855494559,3.503758898998581,0.15150120111621895,0.01368163540319774,1.005986057025227,inf,True,73.52820239531474,0.011849356595244914,0.07597664769988696,0.266203855494559,True,6.4118795893420915,0.009528546090826746
water,0.01,18,0.03756519597141745,0.056676069589473806,0.266203855494559,4.6969357159516205,0.15150120111621895,0.030322575894603396,0.5976903873156082,inf,True,19.711069052744328,0.0060381959486650455,0.056676069589473806,0.266203855494559,True,9.386258755316485,0.01732020199730093
water,0.01,19,0.03756519597141745,0.06013809835255882,0.266203855494559,4.426542620851467,0.15150120111621895,0.018075754542892578,0.6582317865027552,inf,True,36.41517619310521,0.0012281553948209553,0.06013809835255882,0.266203855494559,True,48.96619646516796,0.011380515092501594
methanol,1e-05,0,0.011473472096710347,0.00011062486993419688,0.0008715757458343567,7.8786600730269525,0.03759885551396924,0.00010856044405412433,0.002950922677162919,0.023731018233224786,True,27.18230109386523,1.3942463595470467e-05,0.00011062486993419688,0.0008715757458343567,True,7.934384707314993,5.930361316289549e-05
methanol,1e-05,1,0.011473472096710347,0.00012587324230663123,0.0008715757458343567,6.924233696238399,0.03759885551396924,0.00016093618059899158,0.0033590398915705638,0.023731018233224786,True,20.871875292855133,6.190109820794487e-06,0.00012587324230663123,0.0008715757458343567,True,20.334573367952892,8.393292305567546e-05
methanol,1e-05,2,0.011473472096710347,0.00020024495329889322,0.0008715757458343567,4.352547874369696,0.03759885551396924,0.00026540750790081635,0.0053543420543403185,0.023731018233224786,True,20.174041407831062,1.7728436604386166e-05,0.00020024495329889322,0.0008715757458343567,True,11.295127583294677,0.00013487987288340815
methanol,1e-05,3,0.011473472096710347,0.00018156759819672394,0.0008715757458343567,4.800282398900415,0.03759885551396924,0.000511413914200227,0.004852505574573931,0.023731018233224786,True,9.488411323658463,2.3483097822810106e-05,0.00018156759819672394,0.0008715757458343567,True,7.7318418364871695,0.00025716442940733504
methanol,1e-05,4,0.011473472096710347,8.808135040653384e-05,0.0008715757458343567,9.89512242729766,0.03759885551396924,0.00017551654348991127,0.002348161358186376,0.023731018233224786,True,13.378575668688171,5.050080659166345e-06,8.808135040653384e-05,0.0008715757458343567,True,17.44157298689049,9.060706785341783e-05
methanol,1e-05,5,0.011473472096710347,0.0001266830803393543,0.0008715757458343567,6.879969633668596,0.03759885551396924,0.00028476588821821613,0.0033807242044408647,0.023731018233224786,True,11.8719423368933,4.8711672164247766e-06,0.0001266830803393543,0.0008715757458343567,True,26.006719685622727,0.0001458825823203424
methanol,1e-05,6,0.011473472096710347,0.00017190443134567553,0.0008715757458343567,5.070117966195653,0.03759885551396924,0.00017109750126800916,0.004593065327875094,0.023731018233224786,True,26.844724755392317,1.2975267159251458e-05,0.00017190443134567553,0.0008715757458343567,True,13.248623649579843,9.796401840591866e-05
methanol,1e-05,7,0.011473472096710347,0.00011829474802640306,0.0008715757458343567,7.367831289008904,0.03759885551396924,0.00019146952938340272,0.003156162704318261,0.023731018233224786,True,16.483890227767223,5.3429513235461745e-06,0.00011829474802640306,0.0008715757458343567,True,22.14033796360502,9.675471126216982e-05
methanol,1e-05,8,0.011473472096710347,0.0001875629303986279,0.0008715757458343567,4.646844363019893,0.03759885551396924,0.0003569298215931825,0.005013537823630217,0.023731018233224786,True,14.046284508399781,1.0907989333577839e-05,0.0001875629303986279,0.0008715757458343567,True,17.195004932875833,0.00018007194662220254
methanol,1e-05,9,0.011473472096710347,9.468472716227068e-05,0.0008715757458343567,9.205029913014908,0.03759885551396924,0.00027802977869934546,0.0025246452641362865,0.023731018233224786,True,9.080485104677853,1.7710393721004358e-06,9.468472716227068e-05,0.0008715757458343567,True,53.46280193080942,0.00014085062643829775
methanol,1e-05,10,0.011473472096710347,0.00010509967125617341,0.0008715757458343567,8.292849401117051,0.03759885551396924,9.936906015567938e-05,0.0028031246508636873,0.023731018233224786,True,28.209229779089103,4.78969032853549e-06,0.00010509967125617341,0.0008715757458343567,True,21.942894852726106,6.731621793207301e-05
methanol,1e-05,11,0.011473472096710347,9.906432605515187e-05,0.0008715757458343567,8.798078789221522,0.03759885551396924,0.00025587972887856816,0.00264173007147516,0.023731018233224786,True,10.324108451470321,1.619972687903759e-06,9.906432605515187e-05,0.0008715757458343567,True,61.15184953108122,0.00012907993934676884
methanol,1e-05,12,0.011473472096710347,8.9194946661006e-05,0.0008715757458343567,9.771582118288208,0.03759885551396924,0.00010139304036575372,0.0023779193229688774,0.023731018233224786,True,23.452490569284063,5.626376314515902e-06,8.9194946661006e-05,0.0008715757458343567,True,15.85300052378036,5.397102668659704e-05
methanol,1e-05,13,0.011473472096710347,0.00013887153351798412,0.0008715757458343567,6.276129626821511,0.03759885551396924,0.00013332355340127614,0.0037071968207582568,0.023731018233224786,True,27.806015712770318,2.6906612981936195e-05,0.00013887153351798412,0.0008715757458343567,True,5.161241721922257,8.467515980240748e-05
methanol,1e-05,14,0.011473472096710347,0.00017340494093827694,0.0008715757458343567,5.02624516417091,0.03759885551396924,0.00015270971173948232,0.0046333427729854425,0.023731018233224786,True,30.34085206636871,1.2183884126659716e-05,0.00017340494093827694,0.0008715757458343567,True,14.23232026303068,7.787908963498947e-05
methanol,1e-05,15,0.011473472096710347,0.00013913084791652888,0.0008715757458343567,6.264432071579524,0.03759885551396924,0.00018539969874993163,0.0037141449692131355,0.023731018233224786,True,20.033176937481432,6.1146820298785265e-06,0.00013913084791652888,0.0008715757458343567,True,22.753570379732867,0.00010546640724558537
methanol,1e-05,16,0.011473472096710347,0.00014584786167757088,0.0008715757458343567,5.975924060931169,0.03759885551396924,0.00035213436693682103,0.0038941561925173386,0.023731018233224786,True,11.058722346223075,6.255091957112213e-06,0.00014584786167757088,0.0008715757458343567,True,23.31666147797201,0.00017998106913029216
methanol,1e-05,17,0.011473472096710347,0.0001523129797121228,0.0008715757458343567,5.722268367946496,0.03759885551396924,0.000309598457819402,0.004067477780432806,0.023731018233224786,True,13.137913570633764,1.8234681929144014e-05,0.0001523129797121228,0.0008715757458343567,True,8.35292769591363,0.0001724162457380602
methanol,1e-05,18,0.011473472096710347,0.00020972019874795038,0.0008715757458343567,4.155897958507322,0.03759885551396924,0.00022168793825855967,0.005609121392614082,0.023731018233224786,True,25.301879013697338,1.4307957923578862e-05,0.00020972019874795038,0.0008715757458343567,True,14.657591241748136,0.00011748618106307863
methanol,1e-05,19,0.011473472096710347,7.890978607912166e-05,0.0008715757458343567,11.045217445659285,0.03759885551396924,6.720547102695961e-05,0.002103142329986495,0.023731018233224786,True,31.29421307296269,7.5538325142870955e-06,7.890978607912166e-05,0.0008715757458343567,True,10.446324555101537,3.7091537510145843e-05
methanol,0.0001,0,0.011473472096710347,0.0011480474923103614,0.008715757458343567,7.59180915138253,0.03759885551396924,0.0009296862219496066,0.03149580364935113,0.3017597849634404,True,33.877885791727216,0.00014979238593745836,0.0011480474923103614,0.008715757458343567,True,7.664258000334521,0.0005598739744862661
methanol,0.0001,1,0.011473472096710347,0.0012456591456898034,0.008715757458343567,6.9969039993818525,0.03759885551396924,0.00196437835151693,0.034265464116842365,0.3017597849634404,True,17.443413632807513,9.746570662735876e-05,0.0012456591456898034,0.008715757458343567,True,12.780486478719533,0.0010222501595333606
methanol,0.0001,2,0.011473472096710347,0.0014270173222315937,0.008715757458343567,6.1076746039170144,0.03759885551396924,0.0021441875151891206,0.03945105898869005,0.3017597849634404,True,18.399071307534598,8.19041924179087e-05,0.0014270173222315937,0.008715757458343567,True,17.423007053782637,0.0011015397908247556
methanol,0.0001,3,0.011473472096710347,0.0020035535380721918,0.008715757458343567,4.350149518205448,0.03759885551396924,0.002168442944084359,0.056287021793743314,0.3017597849634404,True,25.95734508362217,0.0002148020051719879,0.0020035535380721918,0.008715757458343567,True,9.32744336566125,0.0011013411202140712
methanol,0.0001,4,0.011473472096710347,0.0015727833313918995,0.008715757458343567,5.541613574089826,0.03759885551396924,0.0040660314263261475,0.04365680841977875,0.3017597849634404,True,10.736957943098032,0.00013758499271451785,0.0015727833313918995,0.008715757458343567,True,11.431358176217287,0.002067302749942873
methanol,0.0001,5,0.011473472096710347,0.0014545413989059508,0.008715757458343567,5.992099960096852,0.03759885551396924,0.0024817047522241826,0.04024260618905381,0.3017597849634404,True,16.215710653326955,3.502981478051975e-05,0.0014545413989059508,0.008715757458343567,True,41.522954318183494,0.0012684377213482202
methanol,0.0001,6,0.011473472096710347,0.0013786129232804365,0.008715757458343567,6.322120815177223,0.03759885551396924,0.003145377064794353,0.03806194615700444,0.3017597849634404,True,12.100916797233962,3.0140484839444315e-05,0.0013786129232804365,0.008715757458343567,True,45.73957355444629,0.0016044192583849536
methanol,0.0001,7,0.011473472096710347,0.0009919668148284679,0.008715757458343567,8.786339752555842,0.03759885551396924,0.001826926498288084,0.027097818199768257,0.3017597849634404,True,14.832462184526957,5.437540464245383e-05,0.0009919668148284679,0.008715757458343567,True,18.242932100481063,0.0009377962657923503
methanol,0.0001,8,0.011473472096710347,0.0018126269338125459,0.008715757458343567,4.808357029105535,0.03759885551396924,0.004253535592948995,0.05065152170904199,0.3017597849634404,True,11.908098710401308,0.00010219633469600586,0.0018126269338125459,0.008715757458343567,True,17.73671178329832,0.002155834358223318
methanol,0.0001,9,0.011473472096710347,0.0014744719011450015,0.008715757458343567,5.911104478542686,0.03759885551396924,0.005498954946804472,0.040816527610496325,0.3017597849634404,True,7.422597203531454,1.7259225465679484e-05,0.0014744719011450015,0.008715757458343567,True,85.43094266176865,0.0028051137698794563
methanol,0.0001,10,0.011473472096710347,0.0011325288808064042,0.008715757458343567,7.695836817987027,0.03759885551396924,0.0006064977609641307,0.031056840251534174,0.3017597849634404,True,51.20685062738579,1.6249608587676212e-05,0.0011325288808064042,0.008715757458343567,True,69.69576372844574,0.0003283476079563805
methanol,0.0001,11,0.011473472096710347,0.0013328597845494905,0.008715757458343567,6.539140545297127,0.03759885551396924,0.0020808970841338847,0.03675232839307501,0.3017597849634404,True,17.661771297244208,1.962168588819091e-05,0.0013328597845494905,0.008715757458343567,True,67.92789325771733,0.0010699151926293541
methanol,0.0001,12,0.011473472096710347,0.0010744756032240296,0.008715757458343567,8.111638302620744,0.03759885551396924,0.002561065326617539,0.029418038193933214,0.3017597849634404,True,11.486641081813532,3.986640713353473e-05,0.0010744756032240296,0.008715757458343567,True,26.9519046355247,0.0013045295780410643
methanol,0.0001,13,0.011473472096710347,0.0013175656103469383,0.008715757458343567,6.615046256443013,0.03759885551396924,0.003276994521455318,0.036315291265743926,0.3017597849634404,True,11.081889526509265,8.645964601393386e-05,0.0013175656103469383,0.008715757458343567,True,15.239081711421756,0.0016831452757515727
methanol,0.0001,14,0.011473472096710347,0.0011701482062166705,0.008715757458343567,7.448421842668461,0.03759885551396924,0.001560166548605985,0.03212159565068194,0.3017597849634404,True,20.588568367513528,3.740563417949094e-05,0.0011701482062166705,0.008715757458343567,True,31.282672567499166,0.0008382350691133699
methanol,0.0001,15,0.011473472096710347,0.0009674018453888565,0.008715757458343567,9.00944886541971,0.03759885551396924,0.0018273364688296016,0.0264090487410446,0.3017597849634404,True,14.45220909861195,3.199298666800576e-05,0.0009674018453888565,0.008715757458343567,True,30.23793481451659,0.0010327710852566917
methanol,0.0001,16,0.011473472096710347,0.0011863865153317892,0.008715757458343567,7.346473805719283,0.03759885551396924,0.002882693299605118,0.032581875054289326,0.3017597849634404,True,11.302581186403879,7.681235368814376e-05,0.0011863865153317892,0.008715757458343567,True,15.445256633438012,0.001464772341821994
methanol,0.0001,17,0.011473472096710347,0.001651817408784625,0.008715757458343567,5.276465432554347,0.03759885551396924,0.0033188285522562228,0.04595141897230148,0.3017597849634404,True,13.845674233778228,0.00013657910153749148,0.001651817408784625,0.008715757458343567,True,12.094217857562892,0.0017059902917627807
methanol,0.0001,18,0.011473472096710347,0.0018150650460842016,0.008715757458343567,4.8018981342552065,0.03759885551396924,0.0016179823754302104,0.05072310737212628,0.3017597849634404,True,31.34960438530077,0.0002452523566233711,0.0018150650460842016,0.008715757458343567,True,7.400805729551292,0.0008247286798740677
methanol,0.0001,19,0.011473472096710347,0.0010837683811211801,0.008715757458343567,8.042085015736426,0.03759885551396924,0.004724332448430882,0.029680016295134323,0.3017597849634404,True,6.2823725085206705,9.532422500050514e-05,0.0010837683811211801,0.008715757458343567,True,11.36928604576053,0.002367782920776913
methanol,0.001,0,0.011473472096710347,0.013338101938010672,0.08715757458343566,6.534481066984174,0.03759885551396924,0.026329337488024167,0.5497810237530377,inf,True,20.880928887903245,0.001395690188385229,0.013338101938010672,0.08715757458343566,True,9.556635168040014,0.013498735611890765
methanol,0.001,1,0.011473472096710347,0.011723129373606762,0.08715757458343566,7.4346679803483715,0.03759885551396924,0.009983081467683709,0.4530550876143466,inf,True,45.38228893362574,0.00021633803876268398,0.011723129373606762,0.08715757458343566,True,54.18894171665606,0.005925503418226838
methanol,0.001,2,0.011473472096710347,0.0112862589221306,0.08715757458343566,7.722450387216725,0.03759885551396924,0.025936785233210108,0.42892988089329237,inf,True,16.53751137762747,0.0011931857579344923,0.0112862589221306,0.08715757458343566,True,9.458928626225047,0.013526518803630747
methanol,0.001,3,0.011473472096710347,0.012101459494283364,0.08715757458343566,7.202236608287474,0.03759885551396924,0.021956143424905504,0.47461550524375673,inf,True,21.616524179988108,0.0006193697486256838,0.012101459494283364,0.08715757458343566,True,19.53834445601392,0.011259692457714894
methanol,0.001,4,0.011473472096710347,0.016840183264315713,0.08715757458343566,5.175571620299539,0.03759885551396924,0.027603520201939718,0.8112360492900399,inf,True,29.388862121760607,0.0014743105561287329,0.016840183264315713,0.08715757458343566,True,11.42241245869861,0.013998762011043341
methanol,0.001,5,0.011473472096710347,0.021710954067925232,0.08715757458343566,4.0144516132618175,0.03759885551396924,0.02363770957880002,1.3665086066688263,inf,True,57.81053372000172,0.000978885909296498,0.021710954067925232,0.08715757458343566,True,22.179248737504434,0.01217021597876566
methanol,0.001,6,0.011473472096710347,0.008472666485712734,0.08715757458343566,10.286912004669075,0.03759885551396924,0.013843577014682619,0.29089512800638123,inf,True,21.013003192589263,0.0005001034904499879,0.008472666485712734,0.08715757458343566,True,16.941826336963008,0.006999470161597576
methanol,0.001,7,0.011473472096710347,0.019515417364213812,0.08715757458343566,4.466088167976357,0.03759885551396924,0.03397790141109349,1.0791873316677751,inf,True,31.76144749526614,0.0019358612983587653,0.019515417364213812,0.08715757458343566,True,10.08099980135927,0.017119451318256818
methanol,0.001,8,0.011473472096710347,0.01895753603718993,0.08715757458343566,4.597515964756937,0.03759885551396924,0.020851842363186348,1.0169632069663583,inf,True,48.77090423251009,0.001283997430543693,0.01895753603718993,0.08715757458343566,True,14.764465711712985,0.010777533315890805
methanol,0.001,9,0.011473472096710347,0.012828381934434254,0.08715757458343566,6.794120648176618,0.03759885551396924,0.014710970419243106,0.5178900554018022,inf,True,35.20434346903188,0.000647594713156549,0.012828381934434254,0.08715757458343566,True,19.80927526709615,0.0077442991526301954
methanol,0.001,10,0.011473472096710347,0.015799347141977466,0.08715757458343566,5.516530132556282,0.03759885551396924,0.01824662511853106,0.7247570391209659,inf,True,39.720059704899136,0.0010000135231837681,0.015799347141977466,0.08715757458343566,True,15.79913348739194,0.009924536488638452
methanol,0.001,11,0.011473472096710347,0.00931635405900028,0.08715757458343566,9.355330854910465,0.03759885551396924,0.011577804655896945,0.32940346785922237,inf,True,28.451289138951456,0.00035262922432393456,0.00931635405900028,0.08715757458343566,True,26.41968792252462,0.0060325425389287125
methanol,0.001,12,0.011473472096710347,0.012329078753914752,0.08715757458343566,7.069269028374178,0.03759885551396924,0.034608573271813436,0.4878982062637013,inf,True,14.097611087050055,0.0011011886251815484,0.012329078753914752,0.08715757458343566,True,11.196155201732227,0.017463890124549436
methanol,0.001,13,0.011473472096710347,0.009876874374029631,0.08715757458343566,8.82440854088504,0.03759885551396924,0.018985078130428965,0.3562831359047359,inf,True,18.766482468865444,0.0009289792593880422,0.009876874374029631,0.08715757458343566,True,10.631964356810231,0.010089236829410323
methanol,0.001,14,0.011473472096710347,0.016304284014510104,0.08715757458343566,5.345685496270135,0.03759885551396924,0.014421151299184375,0.76565447747677,inf,True,53.09246547604514,0.0005112242600529421,0.016304284014510104,0.08715757458343566,True,31.89262577801304,0.007518235427143242
methanol,0.001,15,0.011473472096710347,0.023843519896760444,0.08715757458343566,3.6553988236979027,0.03759885551396924,0.039464016099635256,1.7334015367048323,inf,True,43.92359693773927,0.002352128169125528,0.023843519896760444,0.08715757458343566,True,10.136998574199707,0.02001530733512205
methanol,0.001,16,0.011473472096710347,0.017196054640287988,0.08715757458343566,5.068463459009805,0.03759885551396924,0.022670253205116692,0.8428281365265966,inf,True,37.17771164268998,0.001385770368880962,0.017196054640287988,0.08715757458343566,True,12.409021744471385,0.011884792443904623
methanol,0.001,17,0.011473472096710347,0.009749308742314253,0.08715757458343566,8.93987223988011,0.03759885551396924,0.03480076098223102,0.35007064288159295,inf,True,10.059281262853307,0.0004992927620195084,0.009749308742314253,0.08715757458343566,True,19.52623687729991,0.01775158514677398
methanol,0.001,18,0.011473472096710347,0.011015057234046655,0.08715757458343566,7.912584812908517,0.03759885551396924,0.017962232415671964,0.4143522726910615,inf,True,23.067971903622688,0.0009127022454412104,0.011015057234046655,0.08715757458343566,True,12.068620723861432,0.009510801240659275
methanol,0.001,19,0.011473472096710347,0.020084449389419928,0.08715757458343566,4.339555090285346,0.03759885551396924,0.012088975383981617,1.146738818695558,inf,True,94.85823093121965,0.0014781838555040089,0.020084449389419928,0.08715757458343566,True,13.58724715781166,0.006706553367813799
methanol,0.01,0,0.011473472096710347,0.19135730172408416,0.8715757458343567,4.5547033637162775,0.03759885551396924,0.2231911165934642,inf,inf,True,inf,0.008891628337789254,0.19135730172408416,0.8715757458343567,True,21.5210639102873,0.11626868761649203
methanol,0.01,1,0.011473472096710347,0.11400355954185262,0.8715757458343567,7.64516256630028,0.03759885551396924,0.18329623715870932,inf,inf,True,inf,0.006431725877215161,0.11400355954185262,0.8715757458343567,True,17.72518943099211,0.09230888964998146
methanol,0.01,2,0.011473472096710347,0.19372397142171396,0.8715757458343567,4.499059870794412,0.03759885551396924,0.4146656009913684,inf,inf,True,inf,0.004922907041899821,0.19372397142171396,0.8715757458343567,True,39.3515396031027,0.20999504501651267
methanol,0.01,3,0.011473472096710347,0.08484434148983212,0.8715757458343567,10.272644357064257,0.03759885551396924,0.1148513113776001,inf,inf,True,inf,0.0018515072112606987,0.08484434148983212,0.8715757458343567,True,45.82447261010735,0.058966677156788806
methanol,0.01,4,0.011473472096710347,0.09192388135127706,0.8715757458343567,9.481494177815723,0.03759885551396924,0.12687416922995923,inf,inf,True,inf,0.0055266493571769215,0.09192388135127706,0.8715757458343567,True,16.632841240760907,0.06854558233630846
methanol,0.01,5,0.011473472096710347,0.1356049516079865,0.8715757458343567,6.42731504638526,0.03759885551396924,0.23833652847895176,inf,inf,True,inf,0.006428280930228736,0.1356049516079865,0.8715757458343567,True,21.095056840205846,0.1290528919879231
methanol,0.01,6,0.011473472096710347,0.11372859848734798,0.8715757458343567,7.663646236978092,0.03759885551396924,0.3051353820986852,inf,inf,True,inf,0.012469841426097611,0.11372859848734798,0.8715757458343567,True,9.120292279686103,0.15780440492124598
methanol,0.01,7,0.011473472096710347,0.12161035533176269,0.8715757458343567,7.166953368869197,0.03759885551396924,0.29544425817496683,inf,inf,True,inf,0.0028699212969940935,0.12161035533176269,0.8715757458343567,True,42.37410811897013,0.15089096807139515
methanol,0.01,8,0.011473472096710347,0.1531658440749218,0.8715757458343567,5.690405397485495,0.03759885551396924,0.7337647265201775,inf,inf,True,inf,0.016135169922901732,0.1531658440749218,0.8715757458343567,True,9.492670037364974,0.370727039271174
methanol,0.01,9,0.011473472096710347,0.09581157572934086,0.8715757458343567,9.096768727575052,0.03759885551396924,0.09479983195388803,inf,inf,True,inf,0.001991348888093568,0.09581157572934086,0.8715757458343567,True,48.11390726266293,0.05650782793713775
methanol,0.01,10,0.011473472096710347,0.1470187553375642,0.8715757458343567,5.928330326516264,0.03759885551396924,0.10269010625255585,inf,inf,True,inf,0.008286069424038395,0.1470187553375642,0.8715757458343567,True,17.742882398626033,0.05289187444629115
methanol,0.01,11,0.011473472096710347,0.11426509710258939,0.8715757458343567,7.62766380928937,0.03759885551396924,0.12703791224359728,inf,inf,True,inf,0.015402939078005828,0.11426509710258939,0.8715757458343567,True,7.4183957051255796,0.0661396744586671
methanol,0.01,12,0.011473472096710347,0.11168101131277279,0.8715757458343567,7.804153415063818,0.03759885551396924,0.1031745738093878,inf,inf,True,inf,0.0010694204204687793,0.11168101131277279,0.8715757458343567,True,104.43134353448902,0.052941112963662044
methanol,0.01,13,0.011473472096710347,0.13686680064705764,0.8715757458343567,6.36805815372213,0.03759885551396924,0.10580123078456409,inf,inf,True,inf,0.014328201525972403,0.13686680064705764,0.8715757458343567,True,9.552266584118204,0.061774212063059664
methanol,0.01,14,0.011473472096710347,0.1035062958001532,0.8715757458343567,8.420509487820611,0.03759885551396924,0.1661159539818175,inf,inf,True,inf,0.006714309862604614,0.1035062958001532,0.8715757458343567,True,15.41577584565051,0.08707533965199821
methanol,0.01,15,0.011473472096710347,0.10309821189070904,0.8715757458343567,8.453839594796124,0.03759885551396924,0.2512936114833209,inf,inf,True,inf,0.005920900709352028,0.10309821189070904,0.8715757458343567,True,17.412589224451278,0.13560720845555366
methanol,0.01,16,0.011473472096710347,0.11802961040118906,0.8715757458343567,7.384382129804744,0.03759885551396924,0.19950921336582791,inf,inf,True,inf,0.007675338792978992,0.11802961040118906,0.8715757458343567,True,15.377772054721092,0.10380368249652182
methanol,0.01,17,0.011473472096710347,0.18720704021639706,0.8715757458343567,4.6556782524144475,0.03759885551396924,0.15950318108839087,inf,inf,True,inf,0.010337530473918222,0.18720704021639706,0.8715757458343567,True,18.109454737640082,0.09689029014006995
methanol,0.01,18,0.011473472096710347,0.12415636828972479,0.8715757458343567,7.0199842170036195,0.03759885551396924,0.30812200247538535,inf,inf,True,inf,0.010558148766280376,0.12415636828972479,0.8715757458343567,True,11.759293322920751,0.15516629511568691
methanol,0.01,19,0.011473472096710347,0.13169416611174534,0.8715757458343567,6.618180376303123,0.03759885551396924,0.13041165891983933,inf,inf,True,inf,0.017593587580484835,0.13169416611174534,0.8715757458343567,True,7.485350302164817,0.07055754976692577
ethylene,1e-05,0,0.004047334836284616,0.00040766184703323855,0.0024707617245673277,6.06081177953814,0.021316445580785173,0.0002393169898800175,0.0194971573776992,0.1311049120540212,True,81.47000924369881,8.770971597266142e-06,0.00040766184703323855,0.0024707617245673277,True,46.47852777910081,0.00012090291595840515
ethylene,1e-05,1,0.004047334836284616,0.0003158836546256449,0.0024707617245673277,7.821746039678559,0.021316445580785173,0.0005246925988343588,0.015041676300678495,0.1311049120540212,True,28.667597625913967,7.473716339342906e-06,0.0003158836546256449,0.0024707617245673277,True,42.26594110386287,0.0002626206531665102
ethylene,1e-05,2,0.004047334836284616,0.00032638144027463965,0.0024707617245673277,7.570166129815041,0.021316445580785173,0.00043486500401054053,0.015549330296934538,0.1311049120540212,True,35.75668346160512,4.4776034523186237e-07,0.00032638144027463965,0.0024707617245673277,True,728.9199317229188,0.00021769706827553525
ethylene,1e-05,3,0.004047334836284616,0.00037942570829714643,0.0024707617245673277,6.511845851605701,0.021316445580785173,0.0005253036136545474,0.01812224044338445,0.1311049120540212,True,34.49860227937073,4.5072441734600455e-06,0.00037942570829714643,0.0024707617245673277,True,84.18130762280741,0.0002632021219640985
ethylene,1e-05,4,0.004047334836284616,0.0005202425293289225,0.0024707617245673277,4.749249792696577,0.021316445580785173,0.00020603710355265685,0.025016226666073667,0.1311049120540212,True,121.41612474027173,5.7493467967434375e-06,0.0005202425293289225,0.0024707617245673277,True,90.48724102424988,0.00010420066756141032
ethylene,1e-05,5,0.004047334836284616,0.0002470242993949987,0.0024707617245673277,10.002099917370927,0.021316445580785173,0.00043763571705569593,0.0117243039614565,0.1311049120540212,True,26.79009848724116,4.785611923130428e-06,0.0002470242993949987,0.0024707617245673277,True,51.61812185418743,0.0002197862862764435
ethylene,1e-05,6,0.004047334836284616,0.0006464449313158895,0.0024707617245673277,3.822076104050964,0.021316445580785173,0.00028242740851214937,0.03127454818597151,0.1311049120540212,True,110.7348197922021,1.5911241879745797e-05,0.0006464449313158895,0.0024707617245673277,True,40.628188308719075,0.00014351461634618356
ethylene,1e-05,7,0.004047334836284616,0.00037075611888131194,0.0024707617245673277,6.664115839874456,0.021316445580785173,0.00020693309828738902,0.017700831455352437,0.1311049120540212,True,85.53890896066078,2.405748557171572e-06,0.00037075611888131194,0.0024707617245673277,True,154.11258079157213,0.00010468961679054317
ethylene,1e-05,8,0.004047334836284616,0.00039938301602237424,0.0024707617245673277,6.186446657583733,0.021316445580785173,0.0003343902045861055,0.019093647341055474,0.1311049120540212,True,57.09990029369673,1.3989336838660105e-05,0.00039938301602237424,0.0024707617245673277,True,28.549102836573564,0.00016858975556764198
ethylene,1e-05,9,0.004047334836284616,0.00021511893931406892,0.0024707617245673277,11.485561115379385,0.021316445580785173,0.0005187801556487463,0.010194569420639595,0.1311049120540212,True,19.651039673811454,2.2810570735332103e-06,0.00021511893931406892,0.0024707617245673277,True,94.30668868835603,0.0002602531270617139
ethylene,1e-05,10,0.004047334836284616,0.0005237871787808865,0.0024707617245673277,4.717109972638162,0.021316445580785173,0.00026147606176619797,0.025190967343088587,0.1311049120540212,True,96.34139038553135,6.878244661515098e-06,0.0005237871787808865,0.0024707617245673277,True,76.15128634658218,0.00013128769652897383
ethylene,1e-05,11,0.004047334836284616,0.0004452997808591623,0.0024707617245673277,5.548535684882294,0.021316445580785173,0.00026187479823530435,0.021335665282964048,0.1311049120540212,True,81.47277029610598,2.3270346166365252e-05,0.0004452997808591623,0.0024707617245673277,True,19.135932816624557,0.00013462768136064625
ethylene,1e-05,12,0.004047334836284616,0.00018523359912517315,0.0024707617245673277,13.338626125261918,0.021316445580785173,0.0005501995364299175,0.008765876717622223,0.1311049120540212,True,15.932177577795521,1.030611481404875e-05,0.00018523359912517315,0.0024707617245673277,True,17.973174418033118,0.00027648902318509316
ethylene,1e-05,13,0.004047334836284616,0.00019304288478082945,0.0024707617245673277,12.799030264039507,0.021316445580785173,0.00019888123326754404,0.009138815727702101,0.1311049120540212,True,45.951121569163604,2.134747466228659e-06,0.00019304288478082945,0.0024707617245673277,True,90.42890919639675,0.00010230300923063335
ethylene,1e-05,14,0.004047334836284616,0.00023055124255288827,0.0024707617245673277,10.716757356016144,0.021316445580785173,0.0001817397734642565,0.010933908652613324,0.1311049120540212,True,60.16244239879467,4.267221267673094e-06,0.00023055124255288827,0.0024707617245673277,True,54.02842460958378,9.370830721330578e-05
ethylene,1e-05,15,0.004047334836284616,0.00022703595905979664,0.0024707617245673277,10.882688957287948,0.021316445580785173,0.000463156102329714,0.010765401361729645,0.1311049120540212,True,23.243570164743108,3.494511222140728e-06,0.00022703595905979664,0.0024707617245673277,True,64.9693031807507,0.0002320760539173291
ethylene,1e-05,16,0.004047334836284616,0.00046207331926696743,0.0024707617245673277,5.34712051430916,0.021316445580785173,0.00016413835153766278,0.022157143522349702,0.1311049120540212,True,134.99065462020056,2.39479734094189e-05,0.00046207331926696743,0.0024707617245673277,True,19.29488192454861,8.346306993477065e-05
ethylene,1e-05,17,0.004047334836284616,0.00023900417582004187,0.0024707617245673277,10.337734544134857,0.021316445580785173,0.00022191477275529463,0.011339335321968472,0.1311049120540212,True,51.09770377690157,5.388179621201861e-06,0.00023900417582004187,0.0024707617245673277,True,44.357128496531224,0.00011279296238111158
ethylene,1e-05,18,0.004047334836284616,0.00016086202625798413,0.0024707617245673277,15.359508903641547,0.021316445580785173,0.0005171306768564655,0.007603762186156309,0.1311049120540212,True,14.703753860393793,5.042734770921431e-06,0.00016086202625798413,0.0024707617245673277,True,31.899759468926163,0.00025901371899108005
ethylene,1e-05,19,0.004047334836284616,0.0004047749863433542,0.0024707617245673277,6.104037571312474,0.021316445580785173,0.0002941891593322516,0.019356415572600913,0.1311049120540212,True,65.79581523852193,2.302922686936437e-06,0.0004047749863433542,0.0024707617245673277,True,175.76577304982118,0.0001488443169407411
ethylene,0.0001,0,0.004047334836284616,0.002271159111248692,0.024707617245673278,10.87885790268958,0.021316445580785173,0.005412526982921119,0.11925045679315356,inf,True,22.032307121875,9.71132634385169e-05,0.002271159111248692,0.024707617245673278,True,23.386703636898982,0.002725078715570332
ethylene,0.0001,1,0.004047334836284616,0.0037195148042770835,0.024707617245673278,6.642698993229413,0.021316445580785173,0.004087482502732671,0.21137292926347345,inf,True,51.7122529875445,0.00021945845854468016,0.0037195148042770835,0.024707617245673278,True,16.94860534855993,0.0020655276276437423
ethylene,0.0001,2,0.004047334836284616,0.0032153482556783034,0.024707617245673278,7.684274075767575,0.021316445580785173,0.002432151732833064,0.1776327809264083,inf,True,73.03523810971069,1.435489109534449e-05,0.0032153482556783034,0.024707617245673278,True,223.98973522837034,0.0012558481503410933
ethylene,0.0001,3,0.004047334836284616,0.0027649835096920632,0.024707617245673278,8.935900398344499,0.021316445580785173,0.0019146517559001767,0.14904396748332097,inf,True,77.84390400187824,1.2397077591250194e-05,0.0027649835096920632,0.024707617245673278,True,223.03510559969206,0.0010496392828115689
ethylene,0.0001,4,0.004047334836284616,0.006805852714947737,0.024707617245673278,3.6303485074556177,0.021316445580785173,0.0014626474466975059,0.46902650896993225,inf,True,320.66955713008053,0.00021112018861002557,0.006805852714947737,0.024707617245673278,True,32.23686355983363,0.0007433236223374481
ethylene,0.0001,5,0.004047334836284616,0.002965521392864678,0.024707617245673278,8.33162670993442,0.021316445580785173,0.005019746517993526,0.16160065632098974,inf,True,32.19299136753705,7.237965146095204e-05,0.002965521392864678,0.024707617245673278,True,40.97175563859327,0.002512105168445352
ethylene,0.0001,6,0.004047334836284616,0.0019990347922595906,0.024707617245673278,12.359773497361319,0.021316445580785173,0.0025267080250380926,0.10348357831925407,inf,True,40.95589094339223,5.771675454552261e-05,0.0019990347922595906,0.024707617245673278,True,34.6352598651905,0.001279296629474106
ethylene,0.0001,7,0.004047334836284616,0.0025553685918744515,0.024707617245673278,9.668905426887706,0.021316445580785173,0.002066745321286058,0.1362058581916633,inf,True,65.90355221266813,1.8794617566752006e-05,0.0025553685918744515,0.024707617245673278,True,135.9627873671099,0.0010382784002987639
ethylene,0.0001,8,0.004047334836284616,0.006907167443398711,0.024707617245673278,3.5770983472084117,0.021316445580785173,0.004556034415239344,0.4793555497743709,inf,True,105.21332941888866,1.2964434500634114e-05,0.006907167443398711,0.024707617245673278,True,532.7781511072363,0.0022944434489547663
ethylene,0.0001,9,0.004047334836284616,0.004535422541396002,0.024707617245673278,5.447699088709005,0.021316445580785173,0.004392609494151331,0.2702709203574927,inf,True,61.528556252804364,9.29028951856814e-05,0.004535422541396002,0.024707617245673278,True,48.81895803495929,0.002206580175343174
ethylene,0.0001,10,0.004047334836284616,0.003929231343169774,0.024707617245673278,6.2881553891253565,0.021316445580785173,0.006683617593975158,0.22598394943965766,inf,True,33.811621664795325,0.00011396365134214159,0.003929231343169774,0.024707617245673278,True,34.477934823037906,0.0033434760729569774
ethylene,0.0001,11,0.004047334836284616,0.004045366087829388,0.024707617245673278,6.107634441294925,0.021316445580785173,0.0026020736686103254,0.23422774989133355,inf,True,90.01580267188447,6.826222365974299e-06,0.004045366087829388,0.024707617245673278,True,592.6214926712246,0.001310179923182153
ethylene,0.0001,12,0.004047334836284616,0.0025597122892172756,0.024707617245673278,9.652497802098111,0.021316445580785173,0.0025344151138809168,0.13646898153464684,inf,True,53.84634142497425,7.58821294580686e-05,0.0025597122892172756,0.024707617245673278,True,33.73274191826333,0.0012926192174225074
ethylene,0.0001,13,0.004047334836284616,0.003235555477692367,0.024707617245673278,7.636282986343667,0.021316445580785173,0.004381310985044997,0.1789489045751632,inf,True,40.84368929436433,0.00010154047929311627,0.003235555477692367,0.024707617245673278,True,31.86468588898728,0.002203534562161776
ethylene,0.0001,14,0.004047334836284616,0.0017158827830773004,0.024707617245673278,14.399361943222086,0.021316445580785173,0.004672163448174011,0.0875425262420505,inf,True,18.737042745425384,0.00016221102089319928,0.0017158827830773004,0.024707617245673278,True,10.57809003129971,0.0023407282712778134
ethylene,0.0001,15,0.004047334836284616,0.00197937088937973,0.024707617245673278,12.482560685438715,0.021316445580785173,0.002279002642674093,0.10236144406369187,inf,True,44.91501771300491,1.7533916809309158e-05,0.00197937088937973,0.024707617245673278,True,112.88811911830427,0.00114905203314354
ethylene,0.0001,16,0.004047334836284616,0.002404965649873489,0.024707617245673278,10.273584259705746,0.021316445580785173,0.0022914406038520452,0.12716961647948355,inf,True,55.49767088254612,8.202686248003077e-05,0.002404965649873489,0.024707617245673278,True,29.31924466157622,0.001156381386414611
ethylene,0.0001,17,0.004047334836284616,0.002710065877308939,0.024707617245673278,9.116980311271115,0.021316445580785173,0.004901361601123269,0.145652508467438,inf,True,29.716744105160103,6.1132903742947e-05,0.002710065877308939,0.024707617245673278,True,44.330723904499685,0.002459283404647215
ethylene,0.0001,18,0.004047334836284616,0.0069294362869717924,0.024707617245673278,3.565602773796577,0.021316445580785173,0.002044793565235233,0.4816453611350309,inf,True,235.54718154623228,0.00011439158567395913,0.0069294362869717924,0.024707617245673278,True,60.57645102256202,0.0010457065353362456
ethylene,0.0001,19,0.004047334836284616,0.0036731879221613153,0.024707617245673278,6.726477863167763,0.021316445580785173,0.001759824857656818,0.2081921600439755,inf,True,118.30277265271751,2.1682656856220756e-05,0.0036731879221613153,0.024707617245673278,True,169.4067266072828,0.0008914299311592007
ethylene,0.001,0,0.004047334836284616,0.01701433242761185,0.24707617245673277,14.521649527416262,0.021316445580785173,0.025822154808308278,3.9548779452864316,inf,True,153.15832372029425,0.0007035027629639506,0.01701433242761185,0.24707617245673277,True,24.18516788182637,0.013111922643562257
ethylene,0.001,1,0.004047334836284616,0.03098513478659484,0.24707617245673277,7.974022838965536,0.021316445580785173,0.05153121310122027,inf,inf,True,inf,0.0007999718279681906,0.03098513478659484,0.24707617245673277,True,38.73278245971795,0.025833852803553492
ethylene,0.001,2,0.004047334836284616,0.06141376165093394,0.24707617245673277,4.023140185762833,0.021316445580785173,0.0401663646364211,inf,inf,True,inf,0.0009731300679187982,0.06141376165093394,0.24707617245673277,True,63.10950989550407,0.02015420757946529
ethylene,0.001,3,0.004047334836284616,0.022914750744011662,0.24707617245673277,10.78240715846763,0.021316445580785173,0.02815380464960024,inf,inf,True,inf,0.0003166275269762403,0.022914750744011662,0.24707617245673277,True,72.37131579444507,0.014165263306549877
ethylene,0.001,4,0.004047334836284616,0.032009082076855294,0.24707617245673277,7.718939639177762,0.021316445580785173,0.02709608090238931,inf,inf,True,inf,0.0018606070447445139,0.032009082076855294,0.24707617245673277,True,17.20356921536356,0.013960916734507464
ethylene,0.001,5,0.004047334836284616,0.030624903580810686,0.24707617245673277,8.067818786915257,0.021316445580785173,0.06165555813176219,inf,inf,True,inf,0.00017553093614118553,0.030624903580810686,0.24707617245673277,True,174.47012050444502,0.030990926302979335
ethylene,0.001,6,0.004047334836284616,0.014511537857655521,0.24707617245673277,17.02618804983432,0.021316445580785173,0.027385760895301474,2.1325106008904857,inf,True,77.8693208139547,0.00034346653055604415,0.014511537857655521,0.24707617245673277,True,42.250224015022745,0.013860682626998001
ethylene,0.001,7,0.004047334836284616,0.03251239072822809,0.24707617245673277,7.599446454800844,0.021316445580785173,0.05470664315808068,inf,inf,True,inf,5.60108654953928e-05,0.03251239072822809,0.24707617245673277,True,580.4657799994612,0.027437748156905865
ethylene,0.001,8,0.004047334836284616,0.0205103709170578,0.24707617245673277,12.046401962006822,0.021316445580785173,0.02543031539596329,25.44475324682175,inf,True,1000.5677417143145,0.0010004897269864782,0.0205103709170578,0.24707617245673277,True,20.500331351563197,0.01280583422723032
ethylene,0.001,9,0.004047334836284616,0.05627960772257194,0.24707617245673277,4.390154488543787,0.021316445580785173,0.05112379858553458,inf,inf,True,inf,0.00022501800257539173,0.05627960772257194,0.24707617245673277,True,250.1115780890269,0.025653477817725485
ethylene,0.001,10,0.004047334836284616,0.06485023226427859,0.24707617245673277,3.809950463243438,0.021316445580785173,0.018197353423921692,inf,inf,True,inf,0.0013480642015167438,0.06485023226427859,0.24707617245673277,True,48.10618974327323,0.009230425315954544
ethylene,0.001,11,0.004047334836284616,0.02778097860998867,0.24707617245673277,8.893717385747397,0.021316445580785173,0.04961899860505689,inf,inf,True,inf,0.0011892012922495865,0.02778097860998867,0.24707617245673277,True,23.361039708791427,0.024868729690891923
ethylene,0.001,12,0.004047334836284616,0.0672957301709188,0.24707617245673277,3.6714985011560857,0.021316445580785173,0.055859615313857684,inf,inf,True,inf,0.0006577281073116559,0.0672957301709188,0.24707617245673277,True,102.31542399180395,0.02800377863903907
ethylene,0.001,13,0.004047334836284616,0.0576911697142658,0.24707617245673277,4.282738132723908,0.021316445580785173,0.04456023019717643,inf,inf,True,inf,0.00035523892109007305,0.0576911697142658,0.24707617245673277,True,162.40103853833585,0.02232924610219084
ethylene,0.001,14,0.004047334836284616,0.025741809460105267,0.24707617245673277,9.598244165378201,0.021316445580785173,0.021484438382716294,inf,inf,True,inf,0.0013460327838283048,0.025741809460105267,0.24707617245673277,True,19.124206905935807,0.010943075876137394
ethylene,0.001,15,0.004047334836284616,0.050747299469734025,0.24707617245673277,4.868755087235536,0.021316445580785173,0.05291658232890421,inf,inf,True,inf,0.0005663846816784945,0.050747299469734025,0.24707617245673277,True,89.598644015836,0.0265673434665101
ethylene,0.001,16,0.004047334836284616,0.032759296442930304,0.24707617245673277,7.542169682647553,0.021316445580785173,0.035249571874737345,inf,inf,True,inf,0.00023408614815209616,0.032759296442930304,0.24707617245673277,True,139.94547179120198,0.017662309337446173
ethylene,0.001,17,0.004047334836284616,0.06557473451607218,0.24707617245673277,3.7678562373161437,0.021316445580785173,0.02920608840659494,inf,inf,True,inf,0.0006642411986507307,0.06557473451607218,0.24707617245673277,True,98.72126969732344,0.014777090770080702
ethylene,0.001,18,0.004047334836284616,0.042902014647608754,0.24707617245673277,5.759080884340339,0.021316445580785173,0.026800059170736912,inf,inf,True,inf,0.00031857323210225663,0.042902014647608754,0.24707617245673277,True,134.66923873201603,0.013743134997570518
ethylene,0.001,19,0.004047334836284616,0.024600678097819805,0.24707617245673277,10.043470000065954,0.021316445580785173,0.0385116540291974,inf,inf,True,inf,0.00024722564448230455,0.024600678097819805,0.24707617245673277,True,99.50698338489164,0.019318767082900156
ethylene,0.01,0,0.004047334836284616,0.5359751852138868,2.4707617245673275,4.609843501581781,0.021316445580785173,0.2527734101927602,inf,inf,True,inf,0.002318748862407613,0.5359751852138868,2.4707617245673275,True,231.1484412578302,0.12696731447091222
ethylene,0.01,1,0.004047334836284616,0.24308508713769708,2.4707617245673275,10.164184704460084,0.021316445580785173,0.39274815135394003,inf,inf,True,inf,0.006615604545552378,0.24308508713769708,2.4707617245673275,True,36.74419857836294,0.19828933215962508
ethylene,0.01,2,0.004047334836284616,0.1358377302334411,2.4707617245673275,18.189068091179465,0.021316445580785173,0.2378949721505592,inf,inf,True,inf,0.011582567631761576,0.1358377302334411,2.4707617245673275,True,11.727773543143277,0.12006990410821576
ethylene,0.01,3,0.004047334836284616,0.21767579006666532,2.4707617245673275,11.350650082908315,0.021316445580785173,0.4327620018531004,inf,inf,True,inf,0.018444183742840528,0.21767579006666532,2.4707617245673275,True,11.801866274031262,0.21713049927759268
ethylene,0.01,4,0.004047334836284616,0.3765337590632553,2.4707617245673275,6.561859767140441,0.021316445580785173,0.3228176588357948,inf,inf,True,inf,0.001687393084393668,0.3765337590632553,2.4707617245673275,True,223.14525438425358,0.16300721610266547
ethylene,0.01,5,0.004047334836284616,0.18062333654131107,2.4707617245673275,13.679083621635069,0.021316445580785173,0.34347202375972047,inf,inf,True,inf,0.007069966113628104,0.18062333654131107,2.4707617245673275,True,25.54797769018165,0.17208379761516412
ethylene,0.01,6,0.004047334836284616,0.3413905963280543,2.4707617245673275,7.237345583453286,0.021316445580785173,0.9679618001301575,inf,inf,True,inf,0.002926818070618842,0.3413905963280543,2.4707617245673275,True,116.64223333699427,0.48470704274671617
ethylene,0.01,7,0.004047334836284616,0.37458190585093754,2.4707617245673275,6.596051987493895,0.021316445580785173,0.6097078227992793,inf,inf,True,inf,0.03543070914065195,0.37458190585093754,2.4707617245673275,True,10.572238460255807,0.30531323664283994
ethylene,0.01,8,0.004047334836284616,0.24888116984352557,2.4707617245673275,9.927475534291018,0.021316445580785173,0.398990900917866,inf,inf,True,inf,0.00903292254257354,0.24888116984352557,2.4707617245673275,True,27.552673973513077,0.20144313245126652
ethylene,0.01,9,0.004047334836284616,0.4602488505474043,2.4707617245673275,5.36831699118572,0.021316445580785173,0.5791169076473843,inf,inf,True,inf,0.006610835462736497,0.4602488505474043,2.4707617245673275,True,69.62037599357953,0.290188556417722
ethylene,0.01,10,0.004047334836284616,0.4397003446202467,2.4707617245673275,5.619194423650577,0.021316445580785173,0.5092800382851916,inf,inf,True,inf,0.012731996111123647,0.4397003446202467,2.4707617245673275,True,34.53506746173844,0.25535485271550157
ethylene,0.01,11,0.004047334836284616,0.3864419835912279,2.4707617245673275,6.3936161946132115,0.021316445580785173,0.9720528923921598,inf,inf,True,inf,0.04661547789797669,0.3864419835912279,2.4707617245673275,True,8.28999295978474,0.48632439181744663
ethylene,0.01,12,0.004047334836284616,0.3773665688789598,2.4707617245673275,6.547378406908703,0.021316445580785173,0.30178472882954344,inf,inf,True,inf,0.005335026368724086,0.3773665688789598,2.4707617245673275,True,70.73377764189196,0.15235762482673637
ethylene,0.01,13,0.004047334836284616,0.22344892154256957,2.4707617245673275,11.057389346569835,0.021316445580785173,0.11054215185552438,inf,inf,True,inf,0.01315163303163254,0.22344892154256957,2.4707617245673275,True,16.990203498312816,0.05779545686031917
ethylene,0.01,14,0.004047334836284616,0.33367170666512175,2.4707617245673275,7.404768445192218,0.021316445580785173,0.357177636523952,inf,inf,True,inf,0.0010066451536877574,0.33367170666512175,2.4707617245673275,True,331.4690439255028,0.17895673776540488
ethylene,0.01,15,0.004047334836284616,0.23694920766965522,2.4707617245673275,10.427389687717215,0.021316445580785173,0.5682027215420407,inf,inf,True,inf,0.017315878301843834,0.23694920766965522,2.4707617245673275,True,13.683926598422923,0.28477009201728753
ethylene,0.01,16,0.004047334836284616,0.2467076199109766,2.4707617245673275,10.014938839176883,0.021316445580785173,0.5696892813722072,inf,inf,True,inf,0.009048549821922464,0.2467076199109766,2.4707617245673275,True,27.264879429990348,0.28521469590588433
ethylene,0.01,17,0.004047334836284616,0.1657849989777427,2.4707617245673275,14.903409474937096,0.021316445580785173,0.5597773268514228,inf,inf,True,inf,0.0028296932728630597,0.1657849989777427,2.4707617245673275,True,58.58762169300521,0.28032948100185756
ethylene,0.01,18,0.004047334836284616,0.3857560352101227,2.4707617245673275,6.404985273196036,0.021316445580785173,0.9648676683443347,inf,inf,True,inf,0.021238826284809803,0.3857560352101227,2.4707617245673275,True,18.162775571360967,0.48306636150671123
ethylene,0.01,19,0.004047334836284616,0.22652675089383695,2.4707617245673275,10.907152090506361,0.021316445580785173,0.42552995514730496,inf,inf,True,inf,0.006630903093984425,0.22652675089383695,2.4707617245673275,True,34.162277397680974,0.21339828559511737
formamide,1e-05,0,0.008192935272569618,0.00021871683715629417,0.001220563774436316,5.580566134303168,0.03003638734327247,0.00017377199691760725,0.0073351416607622365,0.042357414200589985,True,42.21129866073957,1.4229422028860794e-06,0.00021871683715629417,0.001220563774436316,True,153.70746381172913,8.950056017691076e-05
formamide,1e-05,1,0.008192935272569618,0.00025489027939706133,0.001220563774436316,4.788585023028493,0.03003638734327247,6.220727067490072e-05,0.008558679197703601,0.042357414200589985,True,137.58326164849478,5.71793210278615e-06,0.00025489027939706133,0.001220563774436316,True,44.577353283516985,3.366197544645457e-05
formamide,1e-05,2,0.008192935272569618,0.00015070824003760358,0.001220563774436316,8.098852286588777,0.03003638734327247,0.00020010883991206603,0.005042824675892699,0.042357414200589985,True,25.200409327787174,7.562272760504307e-06,0.00015070824003760358,0.001220563774436316,True,19.92896114838805,0.00010193001613311757
formamide,1e-05,3,0.008192935272569618,0.0002286951178673712,0.001220563774436316,5.337078402977393,0.03003638734327247,0.0002083791722447551,0.007672352362537289,0.042357414200589985,True,36.81919013252248,6.660718473008864e-06,0.0002286951178673712,0.001220563774436316,True,34.33490227730074,0.00010519214348557676
formamide,1e-05,4,0.008192935272569618,0.0001579925034947489,0.001220563774436316,7.72545372367546,0.03003638734327247,0.00012877567166232764,0.005287851115897639,0.042357414200589985,True,41.06250076305803,1.0090578256294336e-06,0.0001579925034947489,0.001220563774436316,True,156.57428095976144,6.53371000934499e-05
formamide,1e-05,5,0.008192935272569618,0.00030025064743345755,0.001220563774436316,4.065149517144076,0.03003638734327247,7.015472228938114e-05,0.010097163949191548,0.042357414200589985,True,143.92707461005642,2.844637643301118e-06,0.00030025064743345755,0.001220563774436316,True,105.54969914727893,4.6292552789472966e-05
formamide,1e-05,6,0.008192935272569618,0.0001799342117355762,0.001220563774436316,6.783389121297319,0.03003638734327247,7.844853553113546e-05,0.006026643919920768,0.042357414200589985,True,76.82289897596434,1.6398323491456646e-06,0.0001799342117355762,0.001220563774436316,True,109.72719975265767,4.157501282152613e-05
formamide,1e-05,7,0.008192935272569618,0.00017278967812915986,0.001220563774436316,7.063869715203403,0.03003638734327247,0.00010960607333928477,0.005785963234122973,0.042357414200589985,True,52.78871013116734,9.727768650880098e-07,0.00017278967812915986,0.001220563774436316,True,177.62519271418643,5.6655198593618965e-05
formamide,1e-05,8,0.008192935272569618,0.00019658720376537387,0.001220563774436316,6.208765123354898,0.03003638734327247,9.511746419398366e-05,0.006588087146907451,0.042357414200589985,True,69.26264490684518,5.346391234388459e-06,0.00019658720376537387,0.001220563774436316,True,36.770074457123094,4.879432047694203e-05
formamide,1e-05,9,0.008192935272569618,0.00010432337937077642,0.001220563774436316,11.69981054868154,0.03003638734327247,7.245294873055403e-05,0.003485338648767798,0.042357414200589985,True,48.10485576963137,1.894325601103919e-06,0.00010432337937077642,0.001220563774436316,True,55.071514268709635,3.95211214232433e-05
formamide,1e-05,10,0.008192935272569618,0.00018527726138782831,0.001220563774436316,6.587768867553546,0.03003638734327247,8.998258510634192e-05,0.006206712610673234,0.042357414200589985,True,68.97682038516793,3.1529791454168454e-06,0.00018527726138782831,0.001220563774436316,True,58.76260287263441,5.3246427946862176e-05
formamide,1e-05,11,0.008192935272569618,0.0001471003699192802,0.001220563774436316,8.297489497178612,0.03003638734327247,0.00020306627876788108,0.004921508166133996,0.042357414200589985,True,24.235969635114174,3.181491275650039e-06,0.0001471003699192802,0.001220563774436316,True,46.23629523837836,0.00010427336879993147
formamide,1e-05,12,0.008192935272569618,0.0001295036971599185,0.001220563774436316,9.42493381427632,0.03003638734327247,4.172450195720208e-05,0.004330230414252875,0.042357414200589985,True,103.78147637794471,6.367468102924656e-07,0.0001295036971599185,0.001220563774436316,True,203.38334651481938,2.4023086691064158e-05
formamide,1e-05,13,0.008192935272569618,0.00026587005141751806,0.001220563774436316,4.590828368703936,0.03003638734327247,0.00024073541024642275,0.00893064936732754,0.042357414200589985,True,37.0973649376546,4.900552003313241e-06,0.00026587005141751806,0.001220563774436316,True,54.253082354347946,0.00012091402246126812
formamide,1e-05,14,0.008192935272569618,0.00015413446056870606,0.001220563774436316,7.918824706252142,0.03003638734327247,0.0001334565820060895,0.005158060243105736,0.042357414200589985,True,38.649725368137915,3.672633732763886e-06,0.00015413446056870606,0.001220563774436316,True,41.968372504358136,6.82450301854472e-05
formamide,1e-05,15,0.008192935272569618,0.0001172971825913599,0.001220563774436316,10.405738206760839,0.03003638734327247,8.443628696643667e-05,0.0039204795988585514,0.042357414200589985,True,46.431217426897724,1.3171757059435296e-06,0.0001172971825913599,0.001220563774436316,True,89.05203919422175,4.5594003132452e-05
formamide,1e-05,16,0.008192935272569618,0.00015776327944729015,0.001220563774436316,7.736678514242697,0.03003638734327247,0.00019923063326924342,0.005280138707535004,0.042357414200589985,True,26.50264480361984,2.9096955773411093e-06,0.00015776327944729015,0.001220563774436316,True,54.21985745720342,0.00010183961699907179
formamide,1e-05,17,0.008192935272569618,0.00017781123062429984,0.001220563774436316,6.864379545380149,0.03003638734327247,0.00014518464218238992,0.005955114200806734,0.042357414200589985,True,41.017521628255636,1.582450419486403e-06,0.00017781123062429984,0.001220563774436316,True,112.3644876545389,7.579404562686039e-05
formamide,1e-05,18,0.008192935272569618,0.00021091414646437227,0.001220563774436316,5.787017110502327,0.03003638734327247,3.820882054570948e-05,0.007071611071268574,0.042357414200589985,True,185.07797336504422,2.7446732229277626e-06,0.00021091414646437227,0.001220563774436316,True,76.84490259258938,2.5012055149769348e-05
formamide,1e-05,19,0.008192935272569618,0.00023128887265166085,0.001220563774436316,5.277226528206485,0.03003638734327247,0.00013971137979796745,0.007760043902543878,0.042357414200589985,True,55.543391767839175,1.6019926245280924e-06,0.00023128887265166085,0.001220563774436316,True,144.37574125523383,7.148181767737393e-05
formamide,0.0001,0,0.008192935272569618,0.0026735655311716246,0.01220563774436316,4.565303375606558,0.03003638734327247,0.0014366043302283514,0.09770796117194593,0.6845274606463974,True,68.01313285503952,2.1350144543103022e-05,0.0026735655311716246,0.01220563774436316,True,125.2247040189382,0.0007415127996125974
formamide,0.0001,1,0.008192935272569618,0.0015422030263506747,0.01220563774436316,7.914416932020579,0.03003638734327247,0.0009110340662888274,0.05412343126575513,0.6845274606463974,True,59.408789713244644,9.816048668287447e-06,0.0015422030263506747,0.01220563774436316,True,157.1103687915735,0.0005194823039115885
formamide,0.0001,2,0.008192935272569618,0.001139428625128229,0.01220563774436316,10.71206872917517,0.03003638734327247,0.0017152217773406977,0.03943074550654315,0.6845274606463974,True,22.98871552789931,4.96335756043631e-05,0.001139428625128229,0.01220563774436316,True,22.956811216076606,0.0008762031807532285
formamide,0.0001,3,0.008192935272569618,0.0026485397865122708,0.01220563774436316,4.608440396674634,0.03003638734327247,0.001172342226056207,0.09670492655632319,0.6845274606463974,True,82.48864913928874,4.386031183260114e-05,0.0026485397865122708,0.01220563774436316,True,60.38579471620685,0.0006370461897558577
formamide,0.0001,4,0.008192935272569618,0.0019146869480737903,0.01220563774436316,6.374743274164088,0.03003638734327247,0.0015903160054201386,0.06808574592454913,0.6845274606463974,True,42.81271501544239,3.407606681805203e-05,0.0019146869480737903,0.01220563774436316,True,56.188613501000404,0.000833368587156297
formamide,0.0001,5,0.008192935272569618,0.0014460597386746757,0.01220563774436316,8.440617920494569,0.03003638734327247,0.0008588577532539635,0.050578634798228946,0.6845274606463974,True,58.89058415855377,5.350106845652264e-05,0.0014460597386746757,0.01220563774436316,True,27.028614201411855,0.0004428546556639183
formamide,0.0001,6,0.008192935272569618,0.0012241996351641082,0.01220563774436316,9.970300099564195,0.03003638734327247,0.0019031151876975978,0.04248895111909855,0.6845274606463974,True,22.326000755898534,2.108084409706973e-05,0.0012241996351641082,0.01220563774436316,True,58.07166115014692,0.0009708578921139223
formamide,0.0001,7,0.008192935272569618,0.001926197683103486,0.01220563774436316,6.336648544139799,0.03003638734327247,0.0006253190496977351,0.06852311230873091,0.6845274606463974,True,109.58104081724908,1.3935637057059524e-05,0.001926197683103486,0.01220563774436316,True,138.22099952924015,0.0003311970670442803
formamide,0.0001,8,0.008192935272569618,0.0024143487999341365,0.01220563774436316,5.055457498392995,0.03003638734327247,0.0012059104202123785,0.08740661179463925,0.6845274606463974,True,72.48184469559992,1.5286802123183618e-05,0.0024143487999341365,0.01220563774436316,True,157.9368124529191,0.0006166369221207797
formamide,0.0001,9,0.008192935272569618,0.0017598104928457806,0.01220563774436316,6.935768251174299,0.03003638734327247,0.0008006500491706239,0.06223562711125075,0.6845274606463974,True,77.7313723713866,4.280213525099247e-05,0.0017598104928457806,0.01220563774436316,True,41.11501640107955,0.00043076891844593627
formamide,0.0001,10,0.008192935272569618,0.0015943195022453188,0.01220563774436316,7.655703720097298,0.03003638734327247,0.0009077130367491885,0.05605497853238162,0.6845274606463974,True,61.754074540046794,4.052930631314594e-05,0.0015943195022453188,0.01220563774436316,True,39.33744855949313,0.0005340336263611991
formamide,0.0001,11,0.008192935272569618,0.0028406605253732163,0.01220563774436316,4.2967604313646515,0.03003638734327247,0.0014638483739078873,0.10445245844665549,0.6845274606463974,True,71.3546978692946,1.1055130343273767e-05,0.0028406605253732163,0.01220563774436316,True,256.95405093993753,0.0007439937202989648
formamide,0.0001,12,0.008192935272569618,0.0018080018236092204,0.01220563774436316,6.7508990228769115,0.03003638734327247,0.0008889024220133222,0.06404906941453692,0.6845274606463974,True,72.05410608452252,1.0907207725001367e-05,0.0018080018236092204,0.01220563774436316,True,165.76211521716425,0.00045960042284001697
formamide,0.0001,13,0.008192935272569618,0.002463307193584382,0.01220563774436316,4.954979945721921,0.03003638734327247,0.000961442248007471,0.08933739648278821,0.6845274606463974,True,92.92019012887606,3.898885750962949e-05,0.002463307193584382,0.01220563774436316,True,63.17977368216016,0.0005090322069962236
formamide,0.0001,14,0.008192935272569618,0.0022234382238503184,0.01220563774436316,5.489533108424623,0.03003638734327247,0.0018314000884076156,0.07994255532929666,0.6845274606463974,True,43.65106010167659,5.287313498045232e-05,0.0022234382238503184,0.01220563774436316,True,42.05232439257373,0.0009352833685909893
formamide,0.0001,15,0.008192935272569618,0.0017618099212823929,0.01220563774436316,6.927897043217281,0.03003638734327247,0.0005715305128552647,0.062310742791585445,0.6845274606463974,True,109.02435021411556,1.9796942139847784e-05,0.0017618099212823929,0.01220563774436316,True,88.99404306163918,0.0003452305784908789
formamide,0.0001,16,0.008192935272569618,0.00218835088634996,0.01220563774436316,5.577550574954386,0.03003638734327247,0.0010466301427205875,0.07858187379692173,0.6845274606463974,True,75.080843355665,5.9065315282783026e-05,0.00218835088634996,0.01220563774436316,True,37.049677562422886,0.0005297578885705365
formamide,0.0001,17,0.008192935272569618,0.0014445322176568054,0.01220563774436316,8.449543454393897,0.03003638734327247,0.000721084490352549,0.05052250759212325,0.6845274606463974,True,70.06461554515205,1.239148213103003e-05,0.0014445322176568054,0.01220563774436316,True,116.57461168745036,0.00039429702084889715
formamide,0.0001,18,0.008192935272569618,0.0012349141321534318,0.01220563774436316,9.883794691926541,0.03003638734327247,0.0012197946269561588,0.04287676963957119,0.6845274606463974,True,35.15081038401085,1.6990786306937677e-05,0.0012349141321534318,0.01220563774436316,True,72.681399780138,0.0006172790132357088
formamide,0.0001,19,0.008192935272569618,0.0023573175571526177,0.01220563774436316,5.177765595190424,0.03003638734327247,0.0016146601237245655,0.08516606863481861,0.6845274606463974,True,52.74550810009757,2.1886229508674693e-05,0.0023573175571526177,0.01220563774436316,True,107.70779664072725,0.0008188427860529915
formamide,0.001,0,0.008192935272569618,0.021037087424959133,0.1220563774436316,5.80196179147973,0.03003638734327247,0.013233167568236828,2.3376359956788657,inf,True,176.64976912178025,0.0004794518003057788,0.021037087424959133,0.1220563774436316,True,43.877377061765884,0.006695181563965062
formamide,0.001,1,0.008192935272569618,0.0161604353490805,0.1220563774436316,7.552790182139269,0.03003638734327247,0.005517523053692958,1.164636152953307,inf,True,211.07952637801833,9.982320501250586e-05,0.0161604353490805,0.1220563774436316,True,161.89056790007817,0.0034105980403774153
formamide,0.001,2,0.008192935272569618,0.01570487992878854,0.1220563774436316,7.771875875337998,0.03003638734327247,0.00497639167852854,1.0958288946574197,inf,True,220.20551545119602,0.00024216582973896755,0.01570487992878854,0.1220563774436316,True,64.85175858921531,0.002936139606923755
formamide,0.001,3,0.008192935272569618,0.0235875299365132,0.1220563774436316,5.1746146278203495,0.03003638734327247,0.019638616138441096,3.6576293207832897,inf,True,186.24679534439082,0.00011243761688514015,0.0235875299365132,0.1220563774436316,True,209.78326106474557,0.010524721340909557
formamide,0.001,4,0.008192935272569618,0.01312442017257931,0.1220563774436316,9.299944366200839,0.03003638734327247,0.007303837196178607,0.7760433804130538,inf,True,106.2514620149368,0.00019256171612786616,0.01312442017257931,0.1220563774436316,True,68.15695474932484,0.003937153303089268
formamide,0.001,5,0.008192935272569618,0.019384508341251768,0.1220563774436316,6.296593924122695,0.03003638734327247,0.02682334995225203,1.8198205534980685,inf,True,67.84464120766096,0.0008944261868776213,0.019384508341251768,0.1220563774436316,True,21.672563511273882,0.013449361142883406
formamide,0.001,6,0.008192935272569618,0.016957193851022675,0.1220563774436316,7.19791131221104,0.03003638734327247,0.008275457309795137,1.2965014900246583,inf,True,156.668259105158,0.0006755147949596974,0.016957193851022675,0.1220563774436316,True,25.102623921115416,0.005217319233214166
formamide,0.001,7,0.008192935272569618,0.02010266305058995,0.1220563774436316,6.071652155561033,0.03003638734327247,0.004770891342830613,2.023678376638475,inf,True,424.1719693909038,0.0003701247380861958,0.02010266305058995,0.1220563774436316,True,54.31321114750341,0.0027472642759176673
formamide,0.001,8,0.008192935272569618,0.018525719862715243,0.1220563774436316,6.588482301801484,0.03003638734327247,0.013182783418442583,1.6094392348668922,inf,True,122.0864504695801,8.961052613282172e-05,0.018525719862715243,0.1220563774436316,True,206.73597915557613,0.006959280513004939
formamide,0.001,9,0.008192935272569618,0.022046905105695087,0.1220563774436316,5.536213670738864,0.03003638734327247,0.014226170893586462,2.7594910971828224,inf,True,193.97286295969317,0.0005396174558085151,0.022046905105695087,0.1220563774436316,True,40.85654544414608,0.007264585889702501
formamide,0.001,10,0.008192935272569618,0.013885056875940563,0.1220563774436316,8.790484513976008,0.03003638734327247,0.015529089880640213,0.8596850212448338,inf,True,55.35965261664078,0.0005028401051111048,0.013885056875940563,0.1220563774436316,True,27.613264604008858,0.008004088419309266
formamide,0.001,11,0.008192935272569618,0.01647792530524024,0.1220563774436316,7.40726609586073,0.03003638734327247,0.0136490038786138,1.215324072820262,inf,True,89.04122847561905,0.00021428635072356927,0.01647792530524024,0.1220563774436316,True,76.89675637108995,0.007079234249037352
formamide,0.001,12,0.008192935272569618,0.017760089879968178,0.1220563774436316,6.872508994523754,0.03003638734327247,0.00532223473437255,1.446697583946281,inf,True,271.8214539849369,0.0007321780249755772,0.017760089879968178,0.1220563774436316,True,24.256518598138193,0.0032807956880608513
formamide,0.001,13,0.008192935272569618,0.03041714686077673,0.1220563774436316,4.012749059019232,0.03003638734327247,0.01117259765222062,inf,inf,True,inf,0.000879537229261429,0.03041714686077673,0.1220563774436316,True,34.58312604495301,0.005757890377659247
formamide,0.001,14,0.008192935272569618,0.016354465860807806,0.1220563774436316,7.4631833581389,0.03003638734327247,0.0060476866281148475,1.195333994700115,inf,True,197.65144396589181,0.0006762348804254179,0.016354465860807806,0.1220563774436316,True,24.184593747248364,0.003920224971842072
formamide,0.001,15,0.008192935272569618,0.016926392651072132,0.1220563774436316,7.211009454864587,0.03003638734327247,0.0037718381885540895,1.291105988100996,inf,True,342.3015313909671,0.00017702564964189316,0.016926392651072132,0.1220563774436316,True,95.61548106340912,0.0022991475962451675
formamide,0.001,16,0.008192935272569618,0.02720197496157449,0.1220563774436316,4.487041018751338,0.03003638734327247,0.005347388046826689,9.597042101996077,inf,True,1794.7158534139428,0.001102592668719246,0.02720197496157449,0.1220563774436316,True,24.670919491213258,0.003263464753556251
formamide,0.001,17,0.008192935272569618,0.017746083836374472,0.1220563774436316,6.877933101693705,0.03003638734327247,0.02415467718304381,1.4439093246488492,inf,True,59.77762872618518,0.0002941354720246772,0.017746083836374472,0.1220563774436316,True,60.333028567481385,0.012235530457779233
formamide,0.001,18,0.008192935272569618,0.025164123666595966,0.1220563774436316,4.850412399047893,0.03003638734327247,0.028026759621706313,5.1647704920110264,inf,True,184.27997248782864,0.0005325503870651782,0.025164123666595966,0.1220563774436316,True,47.25209910234496,0.014238500552596072
formamide,0.001,19,0.008192935272569618,0.01380565944947416,0.1220563774436316,8.841039277430573,0.03003638734327247,0.02485836978815718,0.8505878195856664,inf,True,34.217361268432676,0.0004708401273040008,0.01380565944947416,0.1220563774436316,True,29.32133148575175,0.01256335903178596
formamide,0.01,0,0.008192935272569618,0.1558365639146636,1.220563774436316,7.8323324371082705,0.03003638734327247,0.13703682263174422,inf,inf,True,inf,0.002752791204534373,0.1558365639146636,1.220563774436316,True,56.610382820887764,0.07024606062450274
formamide,0.01,1,0.008192935272569618,0.25976374541675745,1.220563774436316,4.698745671679775,0.03003638734327247,0.05828001433477269,inf,inf,True,inf,0.0012180726819825474,0.25976374541675745,1.220563774436316,True,213.2580011514283,0.03455391879555073
formamide,0.01,2,0.008192935272569618,0.14389644539568228,1.220563774436316,8.48223714685964,0.03003638734327247,0.14104514497426734,inf,inf,True,inf,0.002991839810349929,0.14389644539568228,1.220563774436316,True,48.096306793528484,0.07435223700225227
formamide,0.01,3,0.008192935272569618,0.15188883960313024,1.220563774436316,8.035901634547491,0.03003638734327247,0.1174550224055063,inf,inf,True,inf,0.005653938820100977,0.15188883960313024,1.220563774436316,True,26.864252415171617,0.06025724674034519
formamide,0.01,4,0.008192935272569618,0.16367049286674393,1.220563774436316,7.457445462879286,0.03003638734327247,0.10770514357986523,inf,inf,True,inf,0.0031101708040638387,0.16367049286674393,1.220563774436316,True,52.62427795055093,0.05864270646711157
formamide,0.01,5,0.008192935272569618,0.21720773920145406,1.220563774436316,5.619338329857011,0.03003638734327247,0.056883417554975425,inf,inf,True,inf,0.005018196798750596,0.21720773920145406,1.220563774436316,True,43.28402171384217,0.0341389002089602
formamide,0.01,6,0.008192935272569618,0.22578183183725148,1.220563774436316,5.405943270564504,0.03003638734327247,0.21992043350916632,inf,inf,True,inf,0.005699538543882672,0.22578183183725148,1.220563774436316,True,39.61405473423522,0.11610813861342686
formamide,0.01,7,0.008192935272569618,0.2348003686198179,1.220563774436316,5.198304336619754,0.03003638734327247,0.0981659809623246,inf,inf,True,inf,0.0025782022906148047,0.2348003686198179,1.220563774436316,True,91.07135211016619,0.05499174928540341
formamide,0.01,8,0.008192935272569618,0.18690950105160897,1.220563774436316,6.530239327423474,0.03003638734327247,0.13567717490205014,inf,inf,True,inf,0.0008581681761465412,0.18690950105160897,1.220563774436316,True,217.80055034305096,0.07004705798231754
formamide,0.01,9,0.008192935272569618,0.1540721788690966,1.220563774436316,7.92202578944078,0.03003638734327247,0.19840600947769285,inf,inf,True,inf,0.001854685494743366,0.1540721788690966,1.220563774436316,True,83.0718627528899,0.10064460893810738
formamide,0.01,10,0.008192935272569618,0.3094006634244743,1.220563774436316,3.944929402952814,0.03003638734327247,0.1590618505706122,inf,inf,True,inf,0.0017329238919454662,0.3094006634244743,1.220563774436316,True,178.54255738671003,0.08026987447850105
formamide,0.01,11,0.008192935272569618,0.2285779450083954,1.220563774436316,5.339814278195065,0.03003638734327247,0.34262145287212736,inf,inf,True,inf,0.000984257969263734,0.2285779450083954,1.220563774436316,True,232.23377625215596,0.1717674321630313
formamide,0.01,12,0.008192935272569618,0.215495187287844,1.220563774436316,5.663995515621279,0.03003638734327247,0.10506624691015945,inf,inf,True,inf,0.004966064116005919,0.215495187287844,1.220563774436316,True,43.39355720222988,0.05444607232102287
formamide,0.01,13,0.008192935272569618,0.27240641961409634,1.220563774436316,4.480671843803915,0.03003638734327247,0.21505022043899216,inf,inf,True,inf,0.0007712135003561799,0.27240641961409634,1.220563774436316,True,353.21790851468137,0.11400831632696358
formamide,0.01,14,0.008192935272569618,0.19395707245791016,1.220563774436316,6.292958328194945,0.03003638734327247,0.35695474093363727,inf,inf,True,inf,0.0017085361394050536,0.19395707245791016,1.220563774436316,True,113.52237039917101,0.18004128101368044
formamide,0.01,15,0.008192935272569618,0.2598221425508059,1.220563774436316,4.697689590476862,0.03003638734327247,0.10213922355355362,inf,inf,True,inf,0.0012658610450414082,0.2598221425508059,1.220563774436316,True,205.2532887148816,0.05217715497800522
formamide,0.01,16,0.008192935272569618,0.2648416765262685,1.220563774436316,4.608654462717289,0.03003638734327247,0.26944681775933893,inf,inf,True,inf,0.0013865382284261596,0.2648416765262685,1.220563774436316,True,191.00928564146884,0.13527494173258692
formamide,0.01,17,0.008192935272569618,0.22366814530701562,1.220563774436316,5.4570299796643935,0.03003638734327247,0.17021970918053583,inf,inf,True,inf,0.0008919423003106927,0.22366814530701562,1.220563774436316,True,250.76526276319072,0.08688677203699018
formamide,0.01,18,0.008192935272569618,0.1384897159667211,1.220563774436316,8.813389253607943,0.03003638734327247,0.20751834553619297,inf,inf,True,inf,0.0012034172744997615,0.1384897159667211,1.220563774436316,True,115.08037893530218,0.10532226114550895
formamide,0.01,19,0.008192935272569618,0.11645198115953558,1.220563774436316,10.481262424931884,0.03003638734327247,0.0756579762884598,inf,inf,True,inf,0.0012724577653712224,0.11645198115953558,1.220563774436316,True,91.51736452766453,0.0407222275154128
acetonitrile,1e-05,0,0.0012675873762349472,0.0012074196166548348,0.007889002515710208,6.533770370210441,0.023694606443188337,0.00033688657127282565,0.05369367124349026,0.4991269268740268,True,159.3820467245836,2.624914133865508e-06,0.0012074196166548348,0.007889002515710208,True,459.9844242816283,0.00016954702095704825
acetonitrile,1e-05,1,0.0012675873762349472,0.001973418426281844,0.007889002515710208,3.9976329452715365,0.023694606443188337,7.992918970256597e-05,0.09085223261019845,0.4991269268740268,True,1136.658997148345,2.3920373958437324e-06,0.001973418426281844,0.007889002515710208,True,824.9948055622972,5.1313818352347416e-05
acetonitrile,1e-05,2,0.0012675873762349472,0.00045750712655727547,0.007889002515710208,17.243452741544523,0.023694606443188337,0.00013481507655143705,0.019688650477550453,0.4991269268740268,True,146.04190407471592,3.446179573696889e-06,0.00045750712655727547,0.007889002515710208,True,132.75777328877982,7.140461216475756e-05
acetonitrile,1e-05,3,0.0012675873762349472,0.0005530759750897396,0.007889002515710208,14.263867661997384,0.023694606443188337,0.00015880398019248155,0.02389971466460155,0.4991269268740268,True,150.49820940025194,1.4947135485339491e-06,0.0005530759750897396,0.007889002515710208,True,370.0213834498321,8.702626483151448e-05
acetonitrile,1e-05,4,0.0012675873762349472,0.0013991877567572089,0.007889002515710208,5.638272974882192,0.023694606443188337,8.536316013429943e-05,0.06275673834323403,0.4991269268740268,True,735.173560169289,3.2218919850911243e-06,0.0013991877567572089,0.007889002515710208,True,434.2751908604521,4.502045245628574e-05
acetonitrile,1e-05,5,0.0012675873762349472,0.0009686783998833547,0.007889002515710208,8.144088395756711,0.023694606443188337,0.00016354019590281512,0.04262437151246396,0.4991269268740268,True,260.6354436422088,1.1632910779588168e-06,0.0009686783998833547,0.007889002515710208,True,832.7050883799936,9.203261336100518e-05
acetonitrile,1e-05,6,0.0012675873762349472,0.0016102269437062143,0.007889002515710208,4.899310961442684,0.023694606443188337,0.00018540136108558824,0.07291248294949713,0.4991269268740268,True,393.26832620089556,2.2562710429580024e-06,0.0016102269437062143,0.007889002515710208,True,713.6673356385342,0.00010073812405419286
acetonitrile,1e-05,7,0.0012675873762349472,0.0011324017184227936,0.007889002515710208,6.9666112187625355,0.023694606443188337,6.342870884383731e-05,0.05019020668577685,0.4991269268740268,True,791.2853280577742,2.94456927449685e-06,0.0011324017184227936,0.007889002515710208,True,384.57295884685595,3.7420607617389276e-05
acetonitrile,1e-05,8,0.0012675873762349472,0.0011844052410339833,0.007889002515710208,6.660729151133379,0.023694606443188337,0.0004326097053086034,0.05261637736585975,0.4991269268740268,True,121.62551306685481,3.027838001927463e-06,0.0011844052410339833,0.007889002515710208,True,391.1719320122192,0.00021786579985688337
acetonitrile,1e-05,9,0.0012675873762349472,0.0004108753666884237,0.007889002515710208,19.20047575325347,0.023694606443188337,0.00031193022548888486,0.017646457319854418,0.4991269268740268,True,56.57180958400975,3.0613401005540053e-06,0.0004108753666884237,0.007889002515710208,True,134.21421769311692,0.00016085757404127036
acetonitrile,1e-05,10,0.0012675873762349472,0.0006119077637888071,0.007889002515710208,12.892470046242142,0.023694606443188337,0.0002738230368685167,0.026509368435975497,0.4991269268740268,True,96.81204598101316,4.396555872625968e-06,0.0006119077637888071,0.007889002515710208,True,139.17888945724414,0.0001408953610838482
acetonitrile,1e-05,11,0.0012675873762349472,0.0003408517041231789,0.007889002515710208,23.14497014472674,0.023694606443188337,0.00023581827574497186,0.014595156450496452,0.4991269268740268,True,61.89154086717408,2.6035815935306073e-06,0.0003408517041231789,0.007889002515710208,True,130.91646713516832,0.00011921205740934027
acetonitrile,1e-05,12,0.0012675873762349472,0.0007935107275544583,0.007889002515710208,9.941897748532693,0.023694606443188337,0.00012269953588250716,0.03464946557176095,0.4991269268740268,True,282.3928006128734,1.5391271851079857e-06,0.0007935107275544583,0.007889002515710208,True,515.5589058735164,6.803265936434036e-05
acetonitrile,1e-05,13,0.0012675873762349472,0.0010597345931919705,0.007889002515710208,7.4443191402746995,0.023694606443188337,0.00017422224255708108,0.04681866989196763,0.4991269268740268,True,268.7295789837412,5.354416380835142e-06,0.0010597345931919705,0.007889002515710208,True,197.9178528186635,9.731059535947625e-05
acetonitrile,1e-05,14,0.0012675873762349472,0.0005479314433771553,0.007889002515710208,14.397791203743722,0.023694606443188337,0.0002692619652948286,0.023672144849384416,0.4991269268740268,True,87.91492264221047,1.5187780072166424e-06,0.0005479314433771553,0.007889002515710208,True,360.77125213401706,0.00013705700951211833
acetonitrile,1e-05,15,0.0012675873762349472,0.0008187025360442404,0.007889002515710208,9.635981529784718,0.023694606443188337,0.00020472798421707804,0.0357888606005449,0.4991269268740268,True,174.81176663468293,1.6434564548695185e-06,0.0008187025360442404,0.007889002515710208,True,498.15894641956965,0.00011134485467706286
acetonitrile,1e-05,16,0.0012675873762349472,0.000455332794251472,0.007889002515710208,17.32579470512123,0.023694606443188337,0.00034313245411502933,0.019593245517477792,0.4991269268740268,True,57.10111440204805,9.876625880894663e-07,0.000455332794251472,0.007889002515710208,True,461.02059523411475,0.00017460154183205842
acetonitrile,1e-05,17,0.0012675873762349472,0.001238136878723077,0.007889002515710208,6.371672350028328,0.023694606443188337,0.00019144867012798326,0.05513497458577746,0.4991269268740268,True,287.9882871420302,4.513426900814438e-06,0.001238136878723077,0.007889002515710208,True,274.3230157332687,9.893729689739463e-05
acetonitrile,1e-05,18,0.0012675873762349472,0.0006647810770707489,0.007889002515710208,11.867068404642069,0.023694606443188337,0.0002815224466819104,0.02886609283841126,0.4991269268740268,True,102.5356705251528,2.4652560274111834e-06,0.0006647810770707489,0.007889002515710208,True,269.66005545835714,0.0001423289440748636
acetonitrile,1e-05,19,0.0012675873762349472,0.000533145468820577,0.007889002515710208,14.797091932830712,0.023694606443188337,0.0001467683640579542,0.02301864590539416,0.4991269268740268,True,156.83656388174242,2.5495587113455453e-06,0.000533145468820577,0.007889002515710208,True,209.1128423315289,7.672699999432439e-05
acetonitrile,0.0001,0,0.0012675873762349472,0.0071302813328045075,0.07889002515710208,11.064083095031648,0.023694606443188337,0.0020998723046515228,0.4304601174686365,inf,True,204.9934734198383,4.1062310693448095e-05,0.0071302813328045075,0.07889002515710208,True,173.6453992089202,0.0010709557877282292
acetonitrile,0.0001,1,0.0012675873762349472,0.010634625255521139,0.07889002515710208,7.418223328193444,0.023694606443188337,0.0017746882409178635,0.8142910087469061,inf,True,458.83608736019863,2.2100424352217152e-05,0.010634625255521139,0.07889002515710208,True,481.19552303774003,0.0009166394172843087
acetonitrile,0.0001,2,0.0012675873762349472,0.009129976750722192,0.07889002515710208,8.640769556270971,0.023694606443188337,0.0015962972079038911,0.6268595181273205,inf,True,392.6959935928561,1.3632602278212946e-05,0.009129976750722192,0.07889002515710208,True,669.7163582123524,0.0008724831574254179
acetonitrile,0.0001,3,0.0012675873762349472,0.002675415692237244,0.07889002515710208,29.487015937748513,0.023694606443188337,0.0013960938078773394,0.12728442897432599,inf,True,91.17183118794348,1.3347754864122957e-05,0.002675415692237244,0.07889002515710208,True,200.43937871742133,0.0007730271647636998
acetonitrile,0.0001,4,0.0012675873762349472,0.011240997877432208,0.07889002515710208,7.0180624547118065,0.023694606443188337,0.0027089978419292263,0.9026297733768303,inf,True,333.19693334787524,1.4973727893767552e-05,0.011240997877432208,0.07889002515710208,True,750.7147156127364,0.0014026362229713166
acetonitrile,0.0001,5,0.0012675873762349472,0.002938007758977913,0.07889002515710208,26.851537378017916,0.023694606443188337,0.002027642657259393,0.14154572257606252,inf,True,69.80802167941114,2.718103854484552e-05,0.002938007758977913,0.07889002515710208,True,108.0903422483488,0.0010567468616228854
acetonitrile,0.0001,6,0.0012675873762349472,0.005660969653399592,0.07889002515710208,13.935779554961245,0.023694606443188337,0.0011533141102708167,0.3139117039667243,inf,True,272.1823145760462,1.773233531450827e-05,0.005660969653399592,0.07889002515710208,True,319.2455789378115,0.0006138302304592743
acetonitrile,0.0001,7,0.0012675873762349472,0.0031660697786973055,0.07889002515710208,24.91733621536344,0.023694606443188337,0.0015591061040904524,0.15422773821836866,inf,True,98.92061727789955,2.6533577226359184e-05,0.0031660697786973055,0.07889002515710208,True,119.32314107846886,0.0008114749546496065
acetonitrile,0.0001,8,0.0012675873762349472,0.005789371638839752,0.07889002515710208,13.626699075223376,0.023694606443188337,0.004267602603865684,0.32333402505471226,inf,True,75.76479233605995,2.375771622191436e-05,0.005789371638839752,0.07889002515710208,True,243.6838450616552,0.0021622911976587316
acetonitrile,0.0001,9,0.0012675873762349472,0.0067346657153378765,0.07889002515710208,11.714022416500029,0.023694606443188337,0.0021786302673534844,0.3970925266430128,inf,True,182.26705678030694,2.1884439336334466e-05,0.0067346657153378765,0.07889002515710208,True,307.7376400571704,0.0011114916120419699
acetonitrile,0.0001,10,0.0012675873762349472,0.006297614488489173,0.07889002515710208,12.526969585276753,0.023694606443188337,0.0034304339776596447,0.361994447366983,inf,True,105.52438837897343,4.255806084127456e-05,0.006297614488489173,0.07889002515710208,True,147.9770075045686,0.001759887902400205
acetonitrile,0.0001,11,0.0012675873762349472,0.005394658666948991,0.07889002515710208,14.62372877091021,0.023694606443188337,0.004453581810320789,0.29479093235191717,inf,True,66.19187541784116,2.7599278023690554e-05,0.005394658666948991,0.07889002515710208,True,195.46376040410718,0.0022550997871647765
acetonitrile,0.0001,12,0.0012675873762349472,0.011625179038661457,0.07889002515710208,6.786134208749839,0.023694606443188337,0.0020087291985389066,0.9631922583420321,inf,True,479.50328946412054,1.6691465227831187e-05,0.011625179038661457,0.07889002515710208,True,696.4744484670972,0.0010863401089955794
acetonitrile,0.0001,13,0.0012675873762349472,0.005973802890587482,0.07889002515710208,13.205997352440901,0.023694606443188337,0.0012088377569768407,0.33710677243587617,inf,True,278.8685003345197,4.22637120386718e-05,0.005973802890587482,0.07889002515710208,True,141.3459112422823,0.0006989480965708384
acetonitrile,0.0001,14,0.0012675873762349472,0.007283687985051947,0.07889002515710208,10.831054998375173,0.023694606443188337,0.0023359758299157573,0.44383183084068994,inf,True,189.99846880123582,3.267267668809887e-05,0.007283687985051947,0.07889002515710208,True,222.9290258212929,0.00118757891015773
acetonitrile,0.0001,15,0.0012675873762349472,0.009228946355455216,0.07889002515710208,8.548107456543,0.023694606443188337,0.0018186944248033679,0.6379899914336686,inf,True,350.79559420909663,1.456041944452105e-05,0.009228946355455216,0.07889002515710208,True,633.8379461264752,0.0009521215815780265
acetonitrile,0.0001,16,0.0012675873762349472,0.01164056278211258,0.07889002515710208,6.777165901147675,0.023694606443188337,0.002590761906873371,0.9656977450398353,inf,True,372.74662039680663,2.0190561608787044e-05,0.01164056278211258,0.07889002515710208,True,576.5348685024463,0.0013342980934528477
acetonitrile,0.0001,17,0.0012675873762349472,0.00695442644936492,0.07889002515710208,11.343857862542546,0.023694606443188337,0.001399033292264915,0.4154331943820722,inf,True,296.9430367947295,1.8021254892718053e-05,0.00695442644936492,0.07889002515710208,True,385.9013420966058,0.0007559154370094084
acetonitrile,0.0001,18,0.0012675873762349472,0.006473266774245444,0.07889002515710208,12.187049894339925,0.023694606443188337,0.001275065654091597,0.37588636532844116,inf,True,294.7976554166038,2.3888801038089713e-05,0.006473266774245444,0.07889002515710208,True,270.9749544953757,0.0006699726250317769
acetonitrile,0.0001,19,0.0012675873762349472,0.004695622088533853,0.07889002515710208,16.80076114935699,0.023694606443188337,0.0013895407765901595,0.2471512161324293,inf,True,177.86539286664328,2.7259266217154188e-05,0.004695622088533853,0.07889002515710208,True,172.25783156183823,0.0007125130676598034
acetonitrile,0.001,0,0.0012675873762349472,0.03657431232267487,0.7889002515710208,21.56979042041834,0.023694606443188337,0.011115052650884763,inf,inf,True,inf,0.00021900321350914673,0.03657431232267487,0.7889002515710208,True,167.00354180486642,0.006560637144831082
acetonitrile,0.001,1,0.0012675873762349472,0.12033656236782524,0.7889002515710208,6.555781850902794,0.023694606443188337,0.008704501940286376,inf,inf,True,inf,0.00012210783495709976,0.12033656236782524,0.7889002515710208,True,985.4941938009398,0.0053782340236279425
acetonitrile,0.001,2,0.0012675873762349472,0.050549369485044626,0.7889002515710208,15.606530004383583,0.023694606443188337,0.022047398736997962,inf,inf,True,inf,0.00033428075319757306,0.050549369485044626,0.7889002515710208,True,151.21830677211608,0.01136666647376277
acetonitrile,0.001,3,0.0012675873762349472,0.12359405066742486,0.7889002515710208,6.382995357064932,0.023694606443188337,0.019499453533606378,inf,inf,True,inf,0.00014954665912521314,0.12359405066742486,0.7889002515710208,True,826.4581194284083,0.009940243442319002
acetonitrile,0.001,4,0.0012675873762349472,0.06619075592829073,0.7889002515710208,11.918586523255513,0.023694606443188337,0.014738904851461015,inf,inf,True,inf,0.00034082737353043763,0.06619075592829073,0.7889002515710208,True,194.20610276298584,0.007863520516690127
acetonitrile,0.001,5,0.0012675873762349472,0.04249270474658266,0.7889002515710208,18.565545692510092,0.023694606443188337,0.0212243832621852,inf,inf,True,inf,0.0003322079888145729,0.04249270474658266,0.7889002515710208,True,127.90994249780258,0.011029327515571164
acetonitrile,0.001,6,0.0012675873762349472,0.06506571062528922,0.7889002515710208,12.124669722186933,0.023694606443188337,0.022014061173287847,inf,inf,True,inf,5.099621571966195e-05,0.06506571062528922,0.7889002515710208,True,1275.8929208192733,0.011679968392221504
acetonitrile,0.001,7,0.0012675873762349472,0.1232774682599877,0.7889002515710208,6.399387193021022,0.023694606443188337,0.014814112254616348,inf,inf,True,inf,0.0004473959624981434,0.1232774682599877,0.7889002515710208,True,275.54443623415415,0.007649374704386992
acetonitrile,0.001,8,0.0012675873762349472,0.17872547271484704,0.7889002515710208,4.414033655010641,0.023694606443188337,0.019630241595728702,inf,inf,True,inf,0.000259026078494734,0.17872547271484704,0.7889002515710208,True,689.9902656653952,0.010337512027691677
acetonitrile,0.001,9,0.0012675873762349472,0.09537808160445532,0.7889002515710208,8.27129502187607,0.023694606443188337,0.025781146112109587,inf,inf,True,inf,0.00013509370919744662,0.09537808160445532,0.7889002515710208,True,706.0142339052605,0.013071513497718831
acetonitrile,0.001,10,0.0012675873762349472,0.05775843363268677,0.7889002515710208,13.658615754506279,0.023694606443188337,0.004192240853470332,inf,inf,True,inf,0.00013018371336481413,0.05775843363268677,0.7889002515710208,True,443.66865977182704,0.0025087572534638882
acetonitrile,0.001,11,0.0012675873762349472,0.03576482149548234,0.7889002515710208,22.05799493982296,0.023694606443188337,0.023082989303871274,inf,inf,True,inf,0.00038353829739447634,0.03576482149548234,0.7889002515710208,True,93.24967477419223,0.011776527802358334
acetonitrile,0.001,12,0.0012675873762349472,0.032637100153099736,0.7889002515710208,24.171885610863452,0.023694606443188337,0.027167628302704333,inf,inf,True,inf,0.00020792089214872328,0.032637100153099736,0.7889002515710208,True,156.96883471313126,0.013907004704263941
acetonitrile,0.001,13,0.0012675873762349472,0.04960136824374566,0.7889002515710208,15.90480826444732,0.023694606443188337,0.008795393842984667,inf,inf,True,inf,8.477086933929984e-05,0.04960136824374566,0.7889002515710208,True,585.1227978471425,0.004936253779656003
acetonitrile,0.001,14,0.0012675873762349472,0.028144519110360366,0.7889002515710208,28.030333312059195,0.023694606443188337,0.00977639354634249,inf,inf,True,inf,0.0003573064312387478,0.028144519110360366,0.7889002515710208,True,78.76857691250048,0.005512915843052617
acetonitrile,0.001,15,0.0012675873762349472,0.03499997462224057,0.7889002515710208,22.54002353103759,0.023694606443188337,0.021100972244613995,inf,inf,True,inf,0.0005298096060369524,0.03499997462224057,0.7889002515710208,True,66.06141946735379,0.011237561070317077
acetonitrile,0.001,16,0.0012675873762349472,0.09299246322945601,0.7889002515710208,8.48348591029828,0.023694606443188337,0.027228652010221253,inf,inf,True,inf,0.00035483790209088137,0.09299246322945601,0.7889002515710208,True,262.07026555364627,0.01394826563588388
acetonitrile,0.001,17,0.0012675873762349472,0.07340160713895687,0.7889002515710208,10.747724502510561,0.023694606443188337,0.03079397725950056,inf,inf,True,inf,0.00047795265055899233,0.07340160713895687,0.7889002515710208,True,153.5750603184428,0.015832294420207484
acetonitrile,0.001,18,0.0012675873762349472,0.09409373705238618,0.7889002515710208,8.38419512588606,0.023694606443188337,0.015629788007476067,inf,inf,True,inf,0.00022622464683416318,0.09409373705238618,0.7889002515710208,True,415.93052909642853,0.009053265679469243
acetonitrile,0.001,19,0.0012675873762349472,0.07704209159418475,0.7889002515710208,10.2398602536197,0.023694606443188337,0.019324403123466605,inf,inf,True,inf,0.0003520343749261849,0.07704209159418475,0.7889002515710208,True,218.84820654329297,0.010333442329989619
acetonitrile,0.01,0,0.0012675873762349472,0.3903344617795623,7.8890025157102075,20.21087884411663,0.023694606443188337,0.27051369518746515,inf,inf,True,inf,0.01409626300229895,0.3903344617795623,7.8890025157102075,True,27.69063415714526,0.13727729017404247
acetonitrile,0.01,1,0.0012675873762349472,1.5388681281880403,7.8890025157102075,5.126496787609224,0.023694606443188337,0.9999964106024396,inf,inf,True,inf,0.3434640310700999,1.5388681281880403,7.8890025157102075,True,4.480434598620204,0.500522695774649
acetonitrile,0.01,2,0.0012675873762349472,0.6280037592255326,7.8890025157102075,12.5620307200694,0.023694606443188337,0.9800263395034351,inf,inf,True,inf,0.03398079103763495,0.6280037592255326,7.8890025157102075,True,18.48114008087675,0.6045386865050337
acetonitrile,0.01,3,0.0012675873762349472,0.29501851044288785,7.8890025157102075,26.74070350320417,0.023694606443188337,0.3418593322029539,inf,inf,True,inf,0.003818713906348501,0.29501851044288785,7.8890025157102075,True,77.25598661696759,0.1729428764302062
acetonitrile,0.01,4,0.0012675873762349472,1.7624341819603953,7.8890025157102075,4.476196953315495,0.023694606443188337,0.09857951316873621,inf,inf,True,inf,0.0026566827623976212,1.7624341819603953,7.8890025157102075,True,663.396551107149,0.05091869223890484
acetonitrile,0.01,5,0.0012675873762349472,1.7339516863322513,7.8890025157102075,4.549724526868135,0.023694606443188337,0.6537981758939477,inf,inf,True,inf,0.0027353913718484828,1.7339516863322513,7.8890025157102075,True,633.895282473055,0.3272386027125384
acetonitrile,0.01,6,0.0012675873762349472,1.1810646598474233,7.8890025157102075,6.679568684012063,0.023694606443188337,0.9997788348874632,inf,inf,True,inf,0.30904218789457233,1.1810646598474233,7.8890025157102075,True,3.821693950245834,0.50119287947461
acetonitrile,0.01,7,0.0012675873762349472,1.1485676196337091,7.8890025157102075,6.868557306383143,0.023694606443188337,0.0797067261378728,inf,inf,True,inf,0.0035869730346742706,1.1485676196337091,7.8890025157102075,True,320.20525622323487,0.048891456780420076
acetonitrile,0.01,8,0.0012675873762349472,1.1265016292423615,7.8890025157102075,7.003099073204203,0.023694606443188337,0.1986785483638255,inf,inf,True,inf,0.005317616829770434,1.1265016292423615,7.8890025157102075,True,211.84332480213578,0.10247802715217542
acetonitrile,0.01,9,0.0012675873762349472,1.0342730709098849,7.8890025157102075,7.627581861693437,0.023694606443188337,0.9998077247537069,inf,inf,True,inf,0.2581679107981555,1.0342730709098849,7.8890025157102075,True,4.006203047126624,0.5011699773377286
acetonitrile,0.01,10,0.0012675873762349472,0.8198399418337163,7.8890025157102075,9.622613040863884,0.023694606443188337,0.23126963167066913,inf,inf,True,inf,0.004063620796858954,0.8198399418337163,7.8890025157102075,True,201.75109411474264,0.1175163266625883
acetonitrile,0.01,11,0.0012675873762349472,0.3908178891496296,7.8890025157102075,20.1858787295425,0.023694606443188337,0.7052707732381169,inf,inf,True,inf,0.014605430878817858,0.3908178891496296,7.8890025157102075,True,26.758395037590418,0.3560438548344398
acetonitrile,0.01,12,0.0012675873762349472,0.5261880828100184,7.8890025157102075,14.992742658823296,0.023694606443188337,0.37434377931628837,inf,inf,True,inf,0.014026354456836523,0.5261880828100184,7.8890025157102075,True,37.514243949079116,0.18868669412069175
acetonitrile,0.01,13,0.0012675873762349472,0.9925490619021652,7.8890025157102075,7.948224242529001,0.023694606443188337,0.9930357045065997,inf,inf,True,inf,0.22297306564035718,0.9925490619021652,7.8890025157102075,True,4.451430306398936,0.49861868360103484
acetonitrile,0.01,14,0.0012675873762349472,1.238245368761622,7.8890025157102075,6.371114089931994,0.023694606443188337,0.9998932744108657,inf,inf,True,inf,0.34188643421464604,1.238245368761622,7.8890025157102075,True,3.621803162813463,0.5060646557737096
acetonitrile,0.01,15,0.0012675873762349472,1.0953323738360343,7.8890025157102075,7.202382312577526,0.023694606443188337,0.9999990167759212,inf,inf,True,inf,0.24489684204448037,1.0953323738360343,7.8890025157102075,True,4.472627595733106,0.5042715954913239
acetonitrile,0.01,16,0.0012675873762349472,1.2552881888563294,7.8890025157102075,6.2846146293288525,0.023694606443188337,0.04466779915400508,inf,inf,True,inf,0.004068031904265777,1.2552881888563294,7.8890025157102075,True,308.5738308836817,0.029480370870569386
acetonitrile,0.01,17,0.0012675873762349472,1.386823068195834,7.8890025157102075,5.68854289824677,0.023694606443188337,0.3701124534570512,inf,inf,True,inf,0.0019370624509960875,1.386823068195834,7.8890025157102075,True,715.9413303802847,0.1872346560814563
acetonitrile,0.01,18,0.0012675873762349472,1.918773780835274,7.8890025157102075,4.11148129837171,0.023694606443188337,0.15085008904364955,inf,inf,True,inf,0.0023487501965197798,1.918773780835274,7.8890025157102075,True,816.9339522263305,0.07930269635224939
acetonitrile,0.01,19,0.0012675873762349472,0.9666484118506006,7.8890025157102075,8.161191203539147,0.023694606443188337,0.9909875221694178,inf,inf,True,inf,0.1892499925339577,0.9666484118506006,7.8890025157102075,True,5.107785733080819,0.4966964959754916
cyclopropane,1e-05,0,0.0032458781315686867,0.0003763701428454558,0.0030808303930890783,8.18563972635343,0.0370015180572381,0.00044841251811126605,0.010276276391434122,0.09082452642448127,True,22.91701497254864,2.967152837249354e-06,0.0003763701428454558,0.0030808303930890783,True,126.84555312437597,0.00023320639712036233
cyclopropane,1e-05,1,0.0032458781315686867,0.0008420365548631001,0.0030808303930890783,3.6587846160550184,0.0370015180572381,0.0004352377879153777,0.02328674305818777,0.09082452642448127,True,53.5034955712884,4.661423066334991e-06,0.0008420365548631001,0.0030808303930890783,True,180.63937619057288,0.00022215151397546822
cyclopropane,1e-05,2,0.0032458781315686867,0.0008064834821401499,0.0030808303930890783,3.8200787261179077,0.0370015180572381,0.0005900546940534454,0.0222816055187583,0.09082452642448127,True,37.761932484075956,3.6804929877259918e-06,0.0008064834821401499,0.0030808303930890783,True,219.12376543840102,0.00030676590492603045
cyclopropane,1e-05,3,0.0032458781315686867,0.00035424621170416907,0.0030808303930890783,8.69686193189803,0.0370015180572381,0.0003512428322634078,0.009666373344168585,0.09082452642448127,True,27.520485704657666,1.366295424669317e-05,0.00035424621170416907,0.0030808303930890783,True,25.92749747295003,0.00018561272067422075
cyclopropane,1e-05,4,0.0032458781315686867,0.0003639877226978933,0.0030808303930890783,8.464105245786383,0.0370015180572381,0.0005155940988304906,0.009934832380193,0.09082452642448127,True,19.268708471892783,1.0376492239602686e-05,0.0003639877226978933,0.0030808303930890783,True,35.07810869926794,0.0002640824583453313
cyclopropane,1e-05,5,0.0032458781315686867,0.00024542556172851084,0.0030808303930890783,12.553013514122402,0.0370015180572381,0.00020318116386660597,0.006677139626811363,0.09082452642448127,True,32.862985425140536,4.791807675125215e-06,0.00024542556172851084,0.0030808303930890783,True,51.217740436983966,0.0001111972129495788
cyclopropane,1e-05,6,0.0032458781315686867,0.0005081118575353296,0.0030808303930890783,6.063291669738025,0.0370015180572381,0.0004783952429274579,0.013923388097970096,0.09082452642448127,True,29.10436151657425,3.0330021816710184e-06,0.0005081118575353296,0.0030808303930890783,True,167.5276927283276,0.00026215724034856533
cyclopropane,1e-05,7,0.0032458781315686867,0.0006072732974249286,0.0030808303930890783,5.07321893808435,0.0370015180572381,0.00010362832111544985,0.01668597058223571,0.09082452642448127,True,161.01747478516288,1.8037197008782813e-05,0.0006072732974249286,0.0030808303930890783,True,33.66783082367124,7.059305944606955e-05
cyclopropane,1e-05,8,0.0032458781315686867,0.0007363951969902689,0.0030808303930890783,4.183664431382474,0.0370015180572381,0.0003189390397360237,0.020305879007443586,0.09082452642448127,True,63.66695975585227,2.5594747252027927e-06,0.0007363951969902689,0.0030808303930890783,True,287.71340843458523,0.00016513571547551194
cyclopropane,1e-05,9,0.0032458781315686867,0.000281537693667786,0.0030808303930890783,10.942870039719985,0.0370015180572381,0.0003337876212611258,0.00766715262045995,0.09082452642448127,True,22.97015267220425,1.1459590539164566e-05,0.000281537693667786,0.0030808303930890783,True,24.567866775483488,0.00018047223382545432
cyclopropane,1e-05,10,0.0032458781315686867,0.00041711673108962117,0.0030808303930890783,7.38601490532667,0.0370015180572381,0.0003339937979736908,0.011401491235869685,0.09082452642448127,True,34.13683518987918,4.469093267109314e-06,0.00041711673108962117,0.0030808303930890783,True,93.33363753212056,0.00017301216983188833
cyclopropane,1e-05,11,0.0032458781315686867,0.00026382265343947406,0.0030808303930890783,11.67765676269297,0.0370015180572381,0.0003800245565532588,0.007181252131895981,0.09082452642448127,True,18.89681076672623,1.067226350509598e-05,0.00026382265343947406,0.0030808303930890783,True,24.720402875500533,0.00019738194606173899
cyclopropane,1e-05,12,0.0032458781315686867,0.00030321050311392156,0.0030808303930890783,10.160698133638055,0.0370015180572381,0.00044130715804615174,0.008262247589122038,0.09082452642448127,True,18.722215215593614,6.880788500640556e-07,0.00030321050311392156,0.0030808303930890783,True,440.6624372856318,0.00024307726499707587
cyclopropane,1e-05,13,0.0032458781315686867,0.0005165511471237655,0.0030808303930890783,5.964231054840562,0.0370015180572381,0.00038488408528253483,0.014157917379954307,0.09082452642448127,True,36.78488646669112,4.2144780317276975e-06,0.0005165511471237655,0.0030808303930890783,True,122.5658653895056,0.00020616971537139057
cyclopropane,1e-05,14,0.0032458781315686867,0.0008829582913834187,0.0030808303930890783,3.489213956258381,0.0370015180572381,0.00020975921129772214,0.024446110174585062,0.09082452642448127,True,116.54367893235177,7.250953914114677e-06,0.0008829582913834187,0.0030808303930890783,True,121.77132855094496,0.00011907482619690374
cyclopropane,1e-05,15,0.0032458781315686867,0.0002636466887407692,0.0030808303930890783,11.685450736376618,0.0370015180572381,0.00042957993439393124,0.007176427999768268,0.09082452642448127,True,16.705687172965987,9.643347427687465e-06,0.0002636466887407692,0.0030808303930890783,True,27.339748019842247,0.00022336198051249134
cyclopropane,1e-05,16,0.0032458781315686867,0.00029185112812609663,0.0030808303930890783,10.556170924780462,0.0370015180572381,0.00037733686507801213,0.00795025268656548,0.09082452642448127,True,21.069377053635648,1.3365737072765227e-05,0.00029185112812609663,0.0030808303930890783,True,21.83576757025909,0.00019810139891380412
cyclopropane,1e-05,17,0.0032458781315686867,0.0005832097772525939,0.0030808303930890783,5.282542428562099,0.0370015180572381,0.00031774375740969523,0.016014191894056482,0.09082452642448127,True,50.3997058025847,4.98672543987333e-06,0.0005832097772525939,0.0030808303930890783,True,116.95245392684149,0.00019693826534279653
cyclopropane,1e-05,18,0.0032458781315686867,0.00021841626072315683,0.0030808303930890783,14.105316073486117,0.0370015180572381,0.00019993890225843388,0.005937951125803396,0.09082452642448127,True,29.69882828569406,2.9938162303261295e-06,0.00021841626072315683,0.0030808303930890783,True,72.95580086402424,0.00011092739016127898
cyclopropane,1e-05,19,0.0032458781315686867,0.0004448254035956069,0.0030808303930890783,6.925931766005607,0.0370015180572381,0.000564962266180046,0.012168097585033712,0.09082452642448127,True,21.53789432223054,9.806321074959379e-06,0.0004448254035956069,0.0030808303930890783,True,45.36108905626971,0.0002954494672458177
cyclopropane,0.0001,0,0.0032458781315686867,0.006111366438828048,0.030808303930890783,5.04114820135033,0.0370015180572381,0.0028584218658036955,0.19784190489974052,4.974525876608299,True,69.21368299990729,9.778646236266453e-05,0.006111366438828048,0.030808303930890783,True,62.49706034116032,0.0014564654143236681
cyclopropane,0.0001,1,0.0032458781315686867,0.0025192984393362355,0.030808303930890783,12.228921929157352,0.0370015180572381,0.00208835247707486,0.07306079675997165,4.974525876608299,True,34.984897215391236,7.594676420530355e-05,0.0025192984393362355,0.030808303930890783,True,33.17189962861257,0.001099728803768233
cyclopropane,0.0001,2,0.0032458781315686867,0.005203168803806872,0.030808303930890783,5.921065622231984,0.0370015180572381,0.0029039355150482526,0.1636301545824873,4.974525876608299,True,56.34772319652159,7.24534749353134e-05,0.005203168803806872,0.030808303930890783,True,71.81393036638023,0.0017972467114362957
cyclopropane,0.0001,3,0.0032458781315686867,0.00367416441005049,0.030808303930890783,8.385118490238552,0.0370015180572381,0.001895469143422417,0.11024470916431556,4.974525876608299,True,58.16222835749262,4.6028439698989065e-05,0.00367416441005049,0.030808303930890783,True,79.82378794671996,0.0011714115255593795
cyclopropane,0.0001,4,0.0032458781315686867,0.005087561005752669,0.030808303930890783,6.0556136616455,0.0370015180572381,0.0022357490711935393,0.15941492299263055,4.974525876608299,True,71.30269002304806,2.6696213132129665e-05,0.005087561005752669,0.030808303930890783,True,190.57238495109414,0.0012032933035676053
cyclopropane,0.0001,5,0.0032458781315686867,0.007026232343755507,0.030808303930890783,4.384754506200091,0.0370015180572381,0.004020451120037331,0.23440084644781803,4.974525876608299,True,58.30212566933074,4.829240239706545e-05,0.007026232343755507,0.030808303930890783,True,145.493535111073,0.0020562282606607436
cyclopropane,0.0001,6,0.0032458781315686867,0.00484196780493151,0.030808303930890783,6.362765134355652,0.0370015180572381,0.0033803394035636807,0.15056080594859153,4.974525876608299,True,44.54014463454903,5.189483658223082e-05,0.00484196780493151,0.030808303930890783,True,93.30345991665453,0.0020276411913200333
cyclopropane,0.0001,7,0.0032458781315686867,0.0036833763574600094,0.030808303930890783,8.364147711513152,0.0370015180572381,0.0034759147324915857,0.11055167453965603,4.974525876608299,True,31.80505940098565,8.697563630180594e-05,0.0036833763574600094,0.030808303930890783,True,42.349518946647,0.0022866509016195953
cyclopropane,0.0001,8,0.0032458781315686867,0.006665769873433622,0.030808303930890783,4.621867318533911,0.0370015180572381,0.005904316174631238,0.21973316211110674,4.974525876608299,True,37.215683512211385,9.062372391666074e-05,0.006665769873433622,0.030808303930890783,True,73.55435845434455,0.0029639900342355893
cyclopropane,0.0001,9,0.0032458781315686867,0.004876720020718936,0.030808303930890783,6.317423145064817,0.0370015180572381,0.0054394701167231295,0.1518054686343904,4.974525876608299,True,27.9081354207056,8.458056738180897e-05,0.004876720020718936,0.030808303930890783,True,57.65768865920128,0.0028530800733970896
cyclopropane,0.0001,10,0.0032458781315686867,0.008321803643549746,0.030808303930890783,3.7021185851663767,0.0370015180572381,0.004099591881563378,0.29016340691237447,4.974525876608299,True,70.77860804078887,0.00011478776761307541,0.008321803643549746,0.030808303930890783,True,72.49730364650644,0.002183600287723566
cyclopropane,0.0001,11,0.0032458781315686867,0.004429852119722116,0.030808303930890783,6.954702572063147,0.0370015180572381,0.005171287935812197,0.1360032406147154,4.974525876608299,True,26.29968439252162,6.501591140685437e-05,0.004429852119722116,0.030808303930890783,True,68.13489227277208,0.0027283737732476466
cyclopropane,0.0001,12,0.0032458781315686867,0.0027512901701358555,0.030808303930890783,11.197766148152052,0.0370015180572381,0.0035097158031043717,0.08032910552317582,4.974525876608299,True,22.88763821051382,1.593888505169172e-05,0.0027512901701358555,0.030808303930890783,True,172.61497032026335,0.0018821152861351385
cyclopropane,0.0001,13,0.0032458781315686867,0.004881689023076427,0.030808303930890783,6.310992729208194,0.0370015180572381,0.0042023836899076905,0.15198365526430452,4.974525876608299,True,36.16605871313074,4.115749683052117e-05,0.004881689023076427,0.030808303930890783,True,118.60995927858063,0.0021253515069387598
cyclopropane,0.0001,14,0.0032458781315686867,0.005108738162868625,0.030808303930890783,6.030511439167497,0.0370015180572381,0.0011104200539293584,0.16018478727125787,4.974525876608299,True,144.25602879236936,3.507576564165671e-05,0.005108738162868625,0.030808303930890783,True,145.6486571116036,0.0007424456405836797
cyclopropane,0.0001,15,0.0032458781315686867,0.005830776683856347,0.030808303930890783,5.2837393028941815,0.0370015180572381,0.003211737491089255,0.1870592878755055,4.974525876608299,True,58.24239633360094,0.00011818122863106739,0.005830776683856347,0.030808303930890783,True,49.33758729195981,0.0018586201301025035
cyclopropane,0.0001,16,0.0032458781315686867,0.0034601933807000412,0.030808303930890783,8.903636456485525,0.0370015180572381,0.0039020295289501124,0.10316209672900678,4.974525876608299,True,26.43806151737754,3.3554301668334285e-05,0.0034601933807000412,0.030808303930890783,True,103.12219920122729,0.0020301557094834655
cyclopropane,0.0001,17,0.0032458781315686867,0.004876715309333401,0.030808303930890783,6.317429248315497,0.0370015180572381,0.0046289915966538885,0.15180529971196413,4.974525876608299,True,32.79446431090911,3.853562957177592e-05,0.004876715309333401,0.030808303930890783,True,126.55081449363894,0.002378917791201015
cyclopropane,0.0001,18,0.0032458781315686867,0.004377291711223625,0.030808303930890783,7.03821128756316,0.0370015180572381,0.0024894902115112608,0.13417304259717336,4.974525876608299,True,53.895790381807835,8.920850726377993e-05,0.004377291711223625,0.030808303930890783,True,49.06809726431635,0.0012998792369051427
cyclopropane,0.0001,19,0.0032458781315686867,0.0028273675644897426,0.030808303930890783,10.896462249134835,0.0370015180572381,0.0035475997783052625,0.08273409942083859,4.974525876608299,True,23.32114798483887,6.495771896078417e-05,0.0028273675644897426,0.030808303930890783,True,43.52627539456337,0.0018325767454182827
cyclopropane,0.001,0,0.0032458781315686867,0.035981528586746796,0.30808303930890785,8.56225545188164,0.0370015180572381,0.029850371137721085,35.27637257805745,inf,True,1181.773332576079,0.00019010429192187206,0.035981528586746796,0.30808303930890785,True,189.2725736120375,0.015914107083729357
cyclopropane,0.001,1,0.0032458781315686867,0.03740279926128042,0.30808303930890785,8.23689791656415,0.0370015180572381,0.03817856362646217,inf,inf,True,inf,0.00043937641467664545,0.03740279926128042,0.30808303930890785,True,85.12700730376396,0.020562767092653096
cyclopropane,0.001,2,0.0032458781315686867,0.03551934463940691,0.30808303930890785,8.673669022797942,0.0370015180572381,0.035672698536099404,23.96436490635561,inf,True,671.7844707516194,0.0009908204223184336,0.03551934463940691,0.30808303930890785,True,35.84841797698793,0.02026175417297343
cyclopropane,0.001,3,0.0032458781315686867,0.04781907699223694,0.30808303930890785,6.4426805929132165,0.0370015180572381,0.017851813652040888,inf,inf,True,inf,0.00037111177445306454,0.04781907699223694,0.30808303930890785,True,128.8535699593782,0.009598184788485412
cyclopropane,0.001,4,0.0032458781315686867,0.07051836046143914,0.30808303930890785,4.368834404160231,0.0370015180572381,0.026899528289138115,inf,inf,True,inf,0.0002704623080709012,0.07051836046143914,0.30808303930890785,True,260.732672749923,0.01455798197682799
cyclopropane,0.001,5,0.0032458781315686867,0.04781713836793061,0.30808303930890785,6.442941795018187,0.0370015180572381,0.030299405858205675,inf,inf,True,inf,0.0016475198749386633,0.04781713836793061,0.30808303930890785,True,29.023709574193045,0.01892358794650604
cyclopropane,0.001,6,0.0032458781315686867,0.05137657803236643,0.30808303930890785,5.99656596659319,0.0370015180572381,0.024087033328843176,inf,inf,True,inf,0.0005793240673352268,0.05137657803236643,0.30808303930890785,True,88.6836589901888,0.013996192860010161
cyclopropane,0.001,7,0.0032458781315686867,0.031077150616480163,0.30808303930890785,9.913490561310724,0.0370015180572381,0.031586646860785425,5.245648742628343,inf,True,166.07171903203107,0.000525695625020306,0.031077150616480163,0.30808303930890785,True,59.11624357779228,0.01716143901733088
cyclopropane,0.001,8,0.0032458781315686867,0.031516427453882945,0.30808303930890785,9.775316055720992,0.0370015180572381,0.015425669425277119,5.7458353440150605,inf,True,372.48531558699847,0.0006256823630881175,0.031516427453882945,0.30808303930890785,True,50.37128951235014,0.009076859127582155
cyclopropane,0.001,9,0.0032458781315686867,0.04777955970817498,0.30808303930890785,6.448009173600557,0.0370015180572381,0.027566655585949403,inf,inf,True,inf,0.00042897133023024614,0.04777955970817498,0.30808303930890785,True,111.38170861565452,0.015593244466027764
cyclopropane,0.001,10,0.0032458781315686867,0.03553789131187363,0.30808303930890785,8.669142369906838,0.0370015180572381,0.03431276663670839,24.28070641946633,inf,True,707.6289323021366,0.0009627619706883833,0.03553789131187363,0.30808303930890785,True,36.912437750801196,0.018451917771779725
cyclopropane,0.001,11,0.0032458781315686867,0.07844722392567093,0.30808303930890785,3.927265031084055,0.0370015180572381,0.02544432603949075,inf,inf,True,inf,0.0004121065160174464,0.07844722392567093,0.30808303930890785,True,190.35666963914224,0.01312164013122643
cyclopropane,0.001,12,0.0032458781315686867,0.039176237757584685,0.30808303930890785,7.864028220761491,0.0370015180572381,0.04253290578876098,inf,inf,True,inf,0.00013208402995786017,0.039176237757584685,0.30808303930890785,True,296.60086666104445,0.021735258116381526
cyclopropane,0.001,13,0.0032458781315686867,0.042066432203781014,0.30808303930890785,7.323726381559326,0.0370015180572381,0.022859729413366975,inf,inf,True,inf,0.0007261801515112964,0.042066432203781014,0.30808303930890785,True,57.928369587400695,0.013369423573332397
cyclopropane,0.001,14,0.0032458781315686867,0.049483307497960025,0.30808303930890785,6.225999329604407,0.0370015180572381,0.017922560524143864,inf,inf,True,inf,0.0004884610388549149,0.049483307497960025,0.30808303930890785,True,101.3045126668901,0.010484602340962334
cyclopropane,0.001,15,0.0032458781315686867,0.05243225798095093,0.30808303930890785,5.875830093390923,0.0370015180572381,0.04085041347733692,inf,inf,True,inf,0.00040123948117552766,0.05243225798095093,0.30808303930890785,True,130.6757197156621,0.02206463287942526
cyclopropane,0.001,16,0.0032458781315686867,0.04274871170019849,0.30808303930890785,7.206837985423485,0.0370015180572381,0.0503464262217708,inf,inf,True,inf,0.0016733114523419246,0.04274871170019849,0.30808303930890785,True,25.54737292950961,0.02618382100496528
cyclopropane,0.001,17,0.0032458781315686867,0.0416455134681587,0.30808303930890785,7.397748608489646,0.0370015180572381,0.05329712435370528,inf,inf,True,inf,0.00022054058940748633,0.0416455134681587,0.30808303930890785,True,188.8337814823353,0.028311716234811584
cyclopropane,0.001,18,0.0032458781315686867,0.05800356854701763,0.30808303930890785,5.311449743978701,0.0370015180572381,0.034958777345545575,inf,inf,True,inf,0.0011332308976971517,0.05800356854701763,0.30808303930890785,True,51.184245562742056,0.018325391405817192
cyclopropane,0.001,19,0.0032458781315686867,0.04046442466489396,0.30808303930890785,7.613676503751057,0.0370015180572381,0.020894827462938154,inf,inf,True,inf,0.0007366019632656512,0.04046442466489396,0.30808303930890785,True,54.93390824740539,0.012819468426263405
cyclopropane,0.01,0,0.0032458781315686867,0.5191849849115918,3.0808303930890784,5.933974368718869,0.0370015180572381,0.9983633789720556,inf,inf,True,inf,0.05062411382615238,0.5191849849115918,3.0808303930890784,True,10.255685397170966,0.5135578934863855
cyclopropane,0.01,1,0.0032458781315686867,0.33787747794535444,3.0808303930890784,9.11818808351395,0.0370015180572381,0.17853567240381768,inf,inf,True,inf,0.006143526889515402,0.33787747794535444,3.0808303930890784,True,54.99731408712138,0.09952555033844605
cyclopropane,0.01,2,0.0032458781315686867,0.656078836024835,3.0808303930890784,4.6958234649905055,0.0370015180572381,0.3495773405932973,inf,inf,True,inf,0.012069692313542102,0.656078836024835,3.0808303930890784,True,54.357544416332765,0.19576702644059205
cyclopropane,0.01,3,0.0032458781315686867,0.5236160392008712,3.0808303930890784,5.88375863694122,0.0370015180572381,0.26099460641110656,inf,inf,True,inf,0.009050447925050269,0.5236160392008712,3.0808303930890784,True,57.855262362383336,0.15129292766906632
cyclopropane,0.01,4,0.0032458781315686867,0.8826859031809544,3.0808303930890784,3.49029069342404,0.0370015180572381,0.34525266512270475,inf,inf,True,inf,0.017974327688179352,0.8826859031809544,3.0808303930890784,True,49.10814571169994,0.1782463782525131
cyclopropane,0.01,5,0.0032458781315686867,0.4607111850559765,3.0808303930890784,6.687118726485351,0.0370015180572381,0.9346746004984964,inf,inf,True,inf,0.0392243972705951,0.4607111850559765,3.0808303930890784,True,11.745526180496661,0.4754788974617155
cyclopropane,0.01,6,0.0032458781315686867,0.3190641948041497,3.0808303930890784,9.655832410089687,0.0370015180572381,0.8432670998644263,inf,inf,True,inf,0.0050801468336792305,0.3190641948041497,3.0808303930890784,True,62.80609699878923,0.4232489858173
cyclopropane,0.01,7,0.0032458781315686867,0.4422983679284868,3.0808303930890784,6.96550251251934,0.0370015180572381,0.5855100482615809,inf,inf,True,inf,0.014386048795627972,0.4422983679284868,3.0808303930890784,True,30.744951182349986,0.3012901513768718
cyclopropane,0.01,8,0.0032458781315686867,0.4336709197609104,3.0808303930890784,7.104074201672524,0.0370015180572381,0.7421839852272766,inf,inf,True,inf,0.008335852409371305,0.4336709197609104,3.0808303930890784,True,52.02478384494551,0.38265254297501894
cyclopropane,0.01,9,0.0032458781315686867,0.5086795427039063,3.0808303930890784,6.056525050551085,0.0370015180572381,0.46830061997643174,inf,inf,True,inf,0.013398330497087961,0.5086795427039063,3.0808303930890784,True,37.96589006477071,0.25012282685939546
cyclopropane,0.01,10,0.0032458781315686867,0.2833875654644601,3.0808303930890784,10.871438159397464,0.0370015180572381,0.39508803200044107,inf,inf,True,inf,0.010055729594621213,0.2833875654644601,3.0808303930890784,True,28.18170106881588,0.22402965914427583
cyclopropane,0.01,11,0.0032458781315686867,0.3215178264152802,3.0808303930890784,9.582144876501507,0.0370015180572381,0.46544824047276095,inf,inf,True,inf,0.017125708058455126,0.3215178264152802,3.0808303930890784,True,18.773987348017634,0.2711008744456169
cyclopropane,0.01,12,0.0032458781315686867,0.5608805848816268,3.0808303930890784,5.492845493554183,0.0370015180572381,0.9983238889812935,inf,inf,True,inf,0.058593058682580204,0.5608805848816268,3.0808303930890784,True,9.57247492267164,0.5012655225656795
cyclopropane,0.01,13,0.0032458781315686867,0.7971804361659125,3.0808303930890784,3.864658806614119,0.0370015180572381,0.9800908910163739,inf,inf,True,inf,0.19723129208921075,0.7971804361659125,3.0808303930890784,True,4.0418557710676835,0.5633966368793429
cyclopropane,0.01,14,0.0032458781315686867,0.44669819177214115,3.0808303930890784,6.896894703931546,0.0370015180572381,0.6667701358852216,inf,inf,True,inf,0.016059482830511812,0.44669819177214115,3.0808303930890784,True,27.815228951423524,0.3412387819897245
cyclopropane,0.01,15,0.0032458781315686867,0.37910770261911836,3.0808303930890784,8.12653072413125,0.0370015180572381,0.5512781785992341,inf,inf,True,inf,0.026855926201742007,0.37910770261911836,3.0808303930890784,True,14.116351816401982,0.28868606091921445
cyclopropane,0.01,16,0.0032458781315686867,0.6662948986494722,3.0808303930890784,4.623824074495665,0.0370015180572381,0.17053223858293332,inf,inf,True,inf,0.0030489688898912015,0.6662948986494722,3.0808303930890784,True,218.53122242688679,0.10392102444873594
cyclopropane,0.01,17,0.0032458781315686867,0.33179904337407257,3.0808303930890784,9.285229884209548,0.0370015180572381,0.7711458094110462,inf,inf,True,inf,0.025760998971901053,0.33179904337407257,3.0808303930890784,True,12.87989816450768,0.3929387224461983
cyclopropane,0.01,18,0.0032458781315686867,0.466805441759274,3.0808303930890784,6.5998167919341135,0.0370015180572381,0.6624723522670818,inf,inf,True,inf,0.006402709108368751,0.466805441759274,3.0808303930890784,True,72.90748866743445,0.3410638853080912
cyclopropane,0.01,19,0.0032458781315686867,0.5569067046799127,3.0808303930890784,5.532040406767619,0.0370015180572381,0.9828232974011598,inf,inf,True,inf,0.05405365720030798,0.5569067046799127,3.0808303930890784,True,10.302849677981449,0.5035383081883634
pyridine,1e-05,0,0.000738136213693179,0.001833069854267894,0.013547634995397611,7.390681246464758,0.02397694986108395,5.299175992665355e-05,0.0827799759438572,1.2989956837884822,True,1562.1292076057455,1.5888781553993758e-06,0.001833069854267894,0.013547634995397611,True,1153.6881214199454,3.302621610182001e-05
pyridine,1e-05,1,0.000738136213693179,0.0010383387189209293,0.013547634995397611,13.047413862671608,0.02397694986108395,4.8914765632804124e-05,0.04526598024988439,1.2989956837884822,True,925.4052363184028,7.504247649427198e-07,0.0010383387189209293,0.013547634995397611,True,1383.6679803606776,3.344420814358559e-05
pyridine,1e-05,2,0.000738136213693179,0.0009968263551394106,0.013547634995397611,13.590767264076714,0.02397694986108395,6.706120378281521e-05,0.04337776317353341,1.2989956837884822,True,646.8384211237376,1.4882169137343804e-06,0.0009968263551394106,0.013547634995397611,True,669.8125427415523,3.8464114283274375e-05
pyridine,1e-05,3,0.000738136213693179,0.0015136113446843574,0.013547634995397611,8.95053743021646,0.02397694986108395,6.602044011690124e-05,0.06738140653399893,1.2989956837884822,True,1020.6143190607008,1.4681072707037335e-06,0.0015136113446843574,0.013547634995397611,True,1030.995060707527,4.399998516694029e-05
pyridine,1e-05,4,0.000738136213693179,0.0008379316168355407,0.013547634995397611,16.16794822298319,0.02397694986108395,5.2875379989991605e-05,0.03621292865542481,1.2989956837884822,True,684.873161427479,1.3744121393211017e-06,0.0008379316168355407,0.013547634995397611,True,609.6654655927599,3.318087607282594e-05
pyridine,1e-05,5,0.000738136213693179,0.0008412004745634298,0.013547634995397611,16.1051204856115,0.02397694986108395,6.136341059214419e-05,0.03635933552485379,1.2989956837884822,True,592.5246848894764,6.680779061629671e-07,0.0008412004745634298,0.013547634995397611,True,1259.1352996460748,3.69179178126848e-05
pyridine,1e-05,6,0.000738136213693179,0.0010141291086154065,0.013547634995397611,13.3588858462945,0.02397694986108395,5.714306418403742e-05,0.04416396049716086,1.2989956837884822,True,772.8665084344184,4.0270162785654984e-07,0.0010141291086154065,0.013547634995397611,True,2518.313904051709,3.659927981356281e-05
pyridine,1e-05,7,0.000738136213693179,0.0008163003054794921,0.013547634995397611,16.596386041335332,0.02397694986108395,4.813085214999809e-05,0.03524513867884859,1.2989956837884822,True,732.2774707792076,1.0922446510228112e-06,0.0008163003054794921,0.013547634995397611,True,747.3603141156001,3.5754869747009585e-05
pyridine,1e-05,8,0.000738136213693179,0.0008695635265709365,0.013547634995397611,15.579810538767386,0.02397694986108395,5.553148589116649e-05,0.03763140988698333,1.2989956837884822,True,677.6589764000794,1.0417646868488006e-06,0.0008695635265709365,0.013547634995397611,True,834.7024405302606,3.4873521531906314e-05
pyridine,1e-05,9,0.000738136213693179,0.0016173524698232682,0.013547634995397611,8.376427060996786,0.02397694986108395,6.795007931106111e-05,0.07233370268354722,1.2989956837884822,True,1064.5124099475854,7.436377197286848e-07,0.0016173524698232682,0.013547634995397611,True,2174.91989300026,4.883870073238058e-05
pyridine,1e-05,10,0.000738136213693179,0.0008973135835271532,0.013547634995397611,15.097993883191508,0.02397694986108395,5.1919246730991624e-05,0.038879017534592726,1.2989956837884822,True,748.8363175998289,1.167908823204028e-06,0.0008973135835271532,0.013547634995397611,True,768.307907003796,3.909736023122394e-05
pyridine,1e-05,11,0.000738136213693179,0.001509902676402372,0.013547634995397611,8.97252200895319,0.02397694986108395,5.494192713834311e-05,0.06720521232678274,1.2989956837884822,True,1223.2044965871114,9.772002174113226e-07,0.001509902676402372,0.013547634995397611,True,1545.131334909256,3.784547624646968e-05
pyridine,1e-05,12,0.000738136213693179,0.001028507744787737,0.013547634995397611,13.172127350575824,0.02397694986108395,6.564809007576466e-05,0.04481819461101327,1.2989956837884822,True,682.7037094192452,1.0487654476185049e-06,0.001028507744787737,0.013547634995397611,True,980.6842389051162,4.024305569014965e-05
pyridine,1e-05,13,0.000738136213693179,0.0021013889954228085,0.013547634995397611,6.446990550015595,0.02397694986108395,8.318202033784997e-05,0.09606103396971342,1.2989956837884822,True,1154.8292957967885,1.4663520138021024e-06,0.0021013889954228085,0.013547634995397611,True,1433.0726698933086,4.758313633626929e-05
pyridine,1e-05,14,0.000738136213693179,0.0009724123111762162,0.013547634995397611,13.93198629808644,0.02397694986108395,5.569174186404991e-05,0.042270456820381344,1.2989956837884822,True,759.0076267244162,6.788918233378849e-07,0.0009724123111762162,0.013547634995397611,True,1432.3523685926705,3.337489054536424e-05
pyridine,1e-05,15,0.000738136213693179,0.0011485581797778055,0.013547634995397611,11.795340657465406,0.02397694986108395,5.6202901504685675e-05,0.05031270690516248,1.2989956837884822,True,895.1976776673687,6.914853529702003e-07,0.0011485581797778055,0.013547634995397611,True,1661.0014584463697,3.4666748485153614e-05
pyridine,1e-05,16,0.000738136213693179,0.0018083366828881432,0.013547634995397611,7.49176584404643,0.02397694986108395,6.411917890097678e-05,0.08157193543648247,1.2989956837884822,True,1272.1924521594242,1.120071880855722e-06,0.0018083366828881432,0.013547634995397611,True,1614.4827075799767,4.0839669599528636e-05
pyridine,1e-05,17,0.000738136213693179,0.0012110289168200243,0.013547634995397611,11.186879856652489,0.02397694986108395,6.326946183211272e-05,0.05319481341364991,1.2989956837884822,True,840.7660168629825,3.954361279534524e-07,0.0012110289168200243,0.013547634995397611,True,3062.5146040337945,4.004385362948037e-05
pyridine,1e-05,18,0.000738136213693179,0.002398880233061726,0.013547634995397611,5.647482858327848,0.02397694986108395,5.539855542401581e-05,0.11117214256952972,1.2989956837884822,True,2006.769702181359,8.077557204153041e-07,0.002398880233061726,0.013547634995397611,True,2969.8090306662916,3.5244563387149436e-05
pyridine,1e-05,19,0.000738136213693179,0.0025086772634427515,0.013547634995397611,5.4003100330274,0.02397694986108395,5.861099704126087e-05,0.11685510569296523,1.2989956837884822,True,1993.740280696842,9.237710923357123e-07,0.0025086772634427515,0.013547634995397611,True,2715.6914567435506,4.122338309181567e-05
pyridine,0.0001,0,0.000738136213693179,0.013015530364815798,0.13547634995397612,10.408822856746756,0.02397694986108395,0.0005025276396154744,1.1873946042523937,inf,True,2362.8443704329734,5.6775880709521165e-06,0.013015530364815798,0.13547634995397612,True,2292.4400647180323,0.00039038001405698763
pyridine,0.0001,1,0.000738136213693179,0.011050191819734281,0.13547634995397612,12.260090337258404,0.02397694986108395,0.00044736189401724816,0.8548308697654359,inf,True,1910.8262934269444,4.368176290070469e-06,0.011050191819734281,0.13547634995397612,True,2529.70372208948,0.00030653297743008174
pyridine,0.0001,2,0.000738136213693179,0.021183613931564146,0.13547634995397612,6.395336999231882,0.02397694986108395,0.0004785907422598086,7.5836256240064035,inf,True,15845.74241490351,1.3508363783099747e-05,0.021183613931564146,0.13547634995397612,True,1568.185034968252,0.00032408149777312365
pyridine,0.0001,3,0.000738136213693179,0.01140630063029881,0.13547634995397612,11.877325904781719,0.02397694986108395,0.00040609916507561853,0.9073756192611854,inf,True,2234.3695759439092,2.1935533314441924e-05,0.01140630063029881,0.13547634995397612,True,519.9919448864791,0.0002872450750786381
pyridine,0.0001,4,0.000738136213693179,0.00587354562194805,0.13547634995397612,23.065514201121218,0.02397694986108395,0.0004829209145069646,0.32444426166271156,inf,True,671.8372551620613,7.856658559603213e-06,0.00587354562194805,0.13547634995397612,True,747.5882498124856,0.00037399654315975147
pyridine,0.0001,5,0.000738136213693179,0.009774465708522858,0.13547634995397612,13.860230727071592,0.02397694986108395,0.000703727111865465,0.6882222577069559,inf,True,977.9675190893124,8.710351675045302e-06,0.009774465708522858,0.13547634995397612,True,1122.1665982242928,0.00040079650409949205
pyridine,0.0001,6,0.000738136213693179,0.015368855795377365,0.13547634995397612,8.814992590061559,0.02397694986108395,0.0006031097531577654,1.7853958934538932,inf,True,2960.316731914726,4.243674850964302e-06,0.015368855795377365,0.13547634995397612,True,3621.591270567079,0.0004385144486247002
pyridine,0.0001,7,0.000738136213693179,0.01741591386651473,0.13547634995397612,7.778882635292203,0.02397694986108395,0.0007664797007303593,2.654445712678674,inf,True,3463.1650520546323,8.408917447570718e-06,0.01741591386651473,0.13547634995397612,True,2071.1243718471837,0.000496305973200993
pyridine,0.0001,8,0.000738136213693179,0.016353721113945088,0.13547634995397612,8.284129893743462,0.02397694986108395,0.0005431725097339534,2.1452486415395753,inf,True,3949.479406810041,1.1256689653682539e-05,0.016353721113945088,0.13547634995397612,True,1452.8002118806833,0.00033362992516323573
pyridine,0.0001,9,0.000738136213693179,0.010562552711398396,0.13547634995397612,12.826099301523879,0.02397694986108395,0.0005276252828275979,0.7874042041200481,inf,True,1492.3549529322559,1.1828156608113816e-05,0.010562552711398396,0.13547634995397612,True,893.0007490899092,0.0003532695207560554
pyridine,0.0001,10,0.000738136213693179,0.01079129492817049,0.13547634995397612,12.55422549895448,0.02397694986108395,0.0006066363390035671,0.818411749971837,inf,True,1349.097799377008,7.028834060340827e-06,0.01079129492817049,0.13547634995397612,True,1535.2894712735929,0.00040073300805231615
pyridine,0.0001,11,0.000738136213693179,0.006038083145175799,0.13547634995397612,22.43697986540921,0.02397694986108395,0.0006199273799517236,0.33659222964298174,inf,True,542.9542887252272,6.648066728863478e-06,0.006038083145175799,0.13547634995397612,True,908.2464709568343,0.00037195932799900414
pyridine,0.0001,12,0.000738136213693179,0.018387156360734385,0.13547634995397612,7.367988137811494,0.02397694986108395,0.0008704333419745151,3.2894160329150828,inf,True,3779.0556430815027,1.0313063426969915e-05,0.018387156360734385,0.13547634995397612,True,1782.8995711060727,0.0004973265572209457
pyridine,0.0001,13,0.000738136213693179,0.012831329083299639,0.13547634995397612,10.558247635492622,0.02397694986108395,0.0008262139956086671,1.1512440032838114,inf,True,1393.3968795041974,5.382465623093857e-06,0.012831329083299639,0.13547634995397612,True,2383.9128722431396,0.00047300069394005636
pyridine,0.0001,14,0.000738136213693179,0.016969240075850288,0.13547634995397612,7.983642717553321,0.02397694986108395,0.0005579554539299981,2.4215101075685412,inf,True,4339.9703157527465,1.4532816698054063e-05,0.016969240075850288,0.13547634995397612,True,1167.6497700629818,0.0003715197434627085
pyridine,0.0001,15,0.000738136213693179,0.007492027356364814,0.13547634995397612,18.082735621471386,0.02397694986108395,0.0006525809735625521,0.4544775599776142,inf,True,696.4309080243985,8.648105303710185e-06,0.007492027356364814,0.13547634995397612,True,866.3200889969049,0.00043865921823134824
pyridine,0.0001,16,0.000738136213693179,0.010735203554078067,0.13547634995397612,12.619821251783497,0.02397694986108395,0.0007122634370494258,0.8107090488811384,inf,True,1138.2151697123843,1.1156669955485199e-05,0.010735203554078067,0.13547634995397612,True,962.2229210787116,0.00042880442624868795
pyridine,0.0001,17,0.000738136213693179,0.011774904550635372,0.13547634995397612,11.505515766296877,0.02397694986108395,0.000448520069797732,0.964994330954709,inf,True,2151.507582235707,5.529942784888997e-06,0.011774904550635372,0.13547634995397612,True,2129.29952599351,0.00029446674813757116
pyridine,0.0001,18,0.000738136213693179,0.015403241194233386,0.13547634995397612,8.79531445658952,0.02397694986108395,0.0007437531051474112,1.7965668991983088,inf,True,2415.5420485165314,2.1530413029866025e-05,0.015403241194233386,0.13547634995397612,True,715.4178218906762,0.00047573973614642743
pyridine,0.0001,19,0.000738136213693179,0.010987572574179547,0.13547634995397612,12.329961785403022,0.02397694986108395,0.0004487774771882497,0.8458890931790062,inf,True,1884.8742108868782,7.187875297742785e-06,0.010987572574179547,0.13547634995397612,True,1528.6259317311728,0.0003352573871342466
pyridine,0.001,0,0.000738136213693179,0.13975607057197706,1.354763499539761,9.693772113047725,0.02397694986108395,0.004827436329089744,inf,inf,True,inf,0.00014668502684119997,0.13975607057197706,1.354763499539761,True,952.7630296122579,0.0033999112999449897
pyridine,0.001,1,0.000738136213693179,0.12491170575004118,1.354763499539761,10.845768948594431,0.02397694986108395,0.0060957604121911705,inf,inf,True,inf,0.00010917360037507318,0.12491170575004118,1.354763499539761,True,1144.1566946670137,0.004004170124641348
pyridine,0.001,2,0.000738136213693179,0.058011626668692064,1.354763499539761,23.353309971411385,0.02397694986108395,0.004958859964455067,inf,inf,True,inf,3.526788825047866e-05,0.058011626668692064,1.354763499539761,True,1644.8851787405988,0.003660554509089753
pyridine,0.001,3,0.000738136213693179,0.10690841463553487,1.354763499539761,12.672187724028381,0.02397694986108395,0.005840704194226998,inf,inf,True,inf,0.00018826100101033277,0.10690841463553487,1.354763499539761,True,567.8733994921612,0.003799228239811028
pyridine,0.001,4,0.000738136213693179,0.08569460313858047,1.354763499539761,15.809204429699196,0.02397694986108395,0.006273232728273164,inf,inf,True,inf,0.00013378719665434538,0.08569460313858047,1.354763499539761,True,640.5291782888787,0.00367709322627679
pyridine,0.001,5,0.000738136213693179,0.07090508630588584,1.354763499539761,19.106718151294345,0.02397694986108395,0.007808462446939234,inf,inf,True,inf,7.522696381222216e-05,0.07090508630588584,1.354763499539761,True,942.5488244198665,0.004963868030514062
pyridine,0.001,6,0.000738136213693179,0.14336149602514717,1.354763499539761,9.449981599676672,0.02397694986108395,0.004720431758643627,inf,inf,True,inf,0.00011409866398851345,0.14336149602514717,1.354763499539761,True,1256.4695414801672,0.0036270135473307863
pyridine,0.001,7,0.000738136213693179,0.08757661842678657,1.354763499539761,15.469465753263055,0.02397694986108395,0.006069349336006082,inf,inf,True,inf,4.5789171430776765e-05,0.08757661842678657,1.354763499539761,True,1912.6054412053145,0.004223908510466368
pyridine,0.001,8,0.000738136213693179,0.08156533135776742,1.354763499539761,16.609550614064265,0.02397694986108395,0.005581522591048076,inf,inf,True,inf,4.562148737391469e-05,0.08156533135776742,1.354763499539761,True,1787.8709365447953,0.003312218901044608
pyridine,0.001,9,0.000738136213693179,0.09520108774545882,1.354763499539761,14.230546432011586,0.02397694986108395,0.005137001977282273,inf,inf,True,inf,0.00010552532273875453,0.09520108774545882,1.354763499539761,True,902.1634359853599,0.003291915774304051
pyridine,0.001,10,0.000738136213693179,0.07740791087188122,1.354763499539761,17.50161558786991,0.02397694986108395,0.005037639593156211,inf,inf,True,inf,6.124662303319539e-05,0.07740791087188122,1.354763499539761,True,1263.8723090075755,0.0035163130017173056
pyridine,0.001,11,0.000738136213693179,0.12891801836944333,1.354763499539761,10.508721097910334,0.02397694986108395,0.005327480917385084,inf,inf,True,inf,9.221470808434828e-05,0.12891801836944333,1.354763499539761,True,1398.020132011075,0.003387827875744875
pyridine,0.001,12,0.000738136213693179,0.16066078743979764,1.354763499539761,8.432446529912685,0.02397694986108395,0.008119284656869617,inf,inf,True,inf,0.0001423633749604962,0.16066078743979764,1.354763499539761,True,1128.5261218651126,0.004750629356780085
pyridine,0.001,13,0.000738136213693179,0.13067532829124268,1.354763499539761,10.367400773008441,0.02397694986108395,0.008099359096748224,inf,inf,True,inf,9.761384693455014e-05,0.13067532829124268,1.354763499539761,True,1338.696633673911,0.004753177454910224
pyridine,0.001,14,0.000738136213693179,0.13424596678670145,1.354763499539761,10.091651406498459,0.02397694986108395,0.005739575195751589,inf,inf,True,inf,0.00017936187648645574,0.13424596678670145,1.354763499539761,True,748.464330416608,0.003923887458568536
pyridine,0.001,15,0.000738136213693179,0.16671226844448,1.354763499539761,8.126357539132979,0.02397694986108395,0.00547357724247056,inf,inf,True,inf,8.303752391614072e-05,0.16671226844448,1.354763499539761,True,2007.6738874444534,0.003523307774586639
pyridine,0.001,16,0.000738136213693179,0.15989928154587527,1.354763499539761,8.472605295296953,0.02397694986108395,0.0035716946062568163,inf,inf,True,inf,0.00010786174613691343,0.15989928154587527,1.354763499539761,True,1482.4466251724537,0.002674078847707267
pyridine,0.001,17,0.000738136213693179,0.10331456551970916,1.354763499539761,13.11299614652413,0.02397694986108395,0.00670013286902807,inf,inf,True,inf,7.946731708185703e-05,0.10331456551970916,1.354763499539761,True,1300.0887574106441,0.0040431250843241855
pyridine,0.001,18,0.000738136213693179,0.06670219788112648,1.354763499539761,20.310627574134166,0.02397694986108395,0.00861293601635988,inf,inf,True,inf,6.700390822678148e-05,0.06670219788112648,1.354763499539761,True,995.4971231732658,0.004927120442827001
pyridine,0.001,19,0.000738136213693179,0.14401497968237004,1.354763499539761,9.407101278823482,0.02397694986108395,0.005713117357872681,inf,inf,True,inf,6.805493724009251e-05,0.14401497968237004,1.354763499539761,True,2116.1577032140435,0.004195113880515061
pyridine,0.01,0,0.000738136213693179,1.6806410661938584,13.54763499539761,8.060992479541683,0.02397694986108395,0.9999915244652058,inf,inf,True,inf,0.22664600083096106,1.6806410661938584,13.54763499539761,True,7.415269009962932,0.5027762968178259
pyridine,0.01,1,0.000738136213693179,0.8501519077520814,13.54763499539761,15.935546191055927,0.02397694986108395,0.05838873550380933,inf,inf,True,inf,0.0010540761789384415,0.8501519077520814,13.54763499539761,True,806.5374445785011,0.034188727205730934
pyridine,0.01,2,0.000738136213693179,0.8184637982103106,13.54763499539761,16.552515853506865,0.02397694986108395,0.894159034867424,inf,inf,True,inf,0.01137005263748321,0.8184637982103106,13.54763499539761,True,71.98416966972631,0.4489829384887373
pyridine,0.01,3,0.000738136213693179,0.9719273990431506,13.54763499539761,13.938937217671889,0.02397694986108395,0.31652199096409267,inf,inf,True,inf,0.003957293008568789,0.9719273990431506,13.54763499539761,True,245.60410283964845,0.16027753695850164
pyridine,0.01,4,0.000738136213693179,0.8610291916892318,13.54763499539761,15.734234246830635,0.02397694986108395,0.10834608465466099,inf,inf,True,inf,0.001782045568100521,0.8610291916892318,13.54763499539761,True,483.1690093127086,0.05846495447043268
pyridine,0.01,5,0.000738136213693179,1.268001144154334,13.54763499539761,10.684245087517578,0.02397694986108395,0.9988993463661551,inf,inf,True,inf,0.194298210371079,1.268001144154334,13.54763499539761,True,6.526056733783864,0.5017849635615402
pyridine,0.01,6,0.000738136213693179,1.0599694288072106,13.54763499539761,12.781156349615515,0.02397694986108395,0.9996188122003813,inf,inf,True,inf,0.12383421681546794,1.0599694288072106,13.54763499539761,True,8.559584386815546,0.5010035377863175
pyridine,0.01,7,0.000738136213693179,1.4768022354623493,13.54763499539761,9.173628445352529,0.02397694986108395,0.12683995906416334,inf,inf,True,inf,0.0015731076168899148,1.4768022354623493,13.54763499539761,True,938.7801696504628,0.07066074214476886
pyridine,0.01,8,0.000738136213693179,1.5307964242614933,13.54763499539761,8.850056598435964,0.02397694986108395,0.07857214382611925,inf,inf,True,inf,0.001486251226167419,1.5307964242614933,13.54763499539761,True,1029.9715130993989,0.04938428048324948
pyridine,0.01,9,0.000738136213693179,1.3922885623380115,13.54763499539761,9.730479271227825,0.02397694986108395,0.9999964913342592,inf,inf,True,inf,0.22509205934846113,1.3922885623380115,13.54763499539761,True,6.18541838556212,0.5037813841424099
pyridine,0.01,10,0.000738136213693179,2.1238402095783244,13.54763499539761,6.378839111482597,0.02397694986108395,0.9999994488452518,inf,inf,True,inf,0.22532214411765053,2.1238402095783244,13.54763499539761,True,9.425794423780092,0.501560324951711
pyridine,0.01,11,0.000738136213693179,1.2194614733473266,13.54763499539761,11.109522761888007,0.02397694986108395,0.09280273229645182,inf,inf,True,inf,0.0027966960363778742,1.2194614733473266,13.54763499539761,True,436.0364721389978,0.05774295542268263
pyridine,0.01,12,0.000738136213693179,1.3032811483671627,13.54763499539761,10.395021068455558,0.02397694986108395,0.99999143086168,inf,inf,True,inf,0.22600005554299588,1.3032811483671627,13.54763499539761,True,5.76672932772451,0.5020494098957545
pyridine,0.01,13,0.000738136213693179,1.506589012222234,13.54763499539761,8.992256604483469,0.02397694986108395,0.9999949889557721,inf,inf,True,inf,0.2260577283127391,1.506589012222234,13.54763499539761,True,6.664620685464673,0.5016754393082684
pyridine,0.01,14,0.000738136213693179,0.8084055471181052,13.54763499539761,16.758463674196374,0.02397694986108395,0.8143973769278883,inf,inf,True,inf,0.03115474097858449,0.8084055471181052,13.54763499539761,True,25.948074730385223,0.4114363362606594
pyridine,0.01,15,0.000738136213693179,0.7703436343073026,13.54763499539761,17.58648269688075,0.02397694986108395,0.287912649767369,inf,inf,True,inf,0.0038144442850471735,0.7703436343073026,13.54763499539761,True,201.9543547475817,0.1490783348118029
pyridine,0.01,16,0.000738136213693179,1.2346473703833343,13.54763499539761,10.972878021998564,0.02397694986108395,0.999999812660422,inf,inf,True,inf,0.22559850542967494,1.2346473703833343,13.54763499539761,True,5.472763961941258,0.5108391027129291
pyridine,0.01,17,0.000738136213693179,0.7064703573299177,13.54763499539761,19.17650875912256,0.02397694986108395,0.25030984989449034,inf,inf,True,inf,0.004384402985213188,0.7064703573299177,13.54763499539761,True,161.13262391996255,0.13134484580889275
pyridine,0.01,18,0.000738136213693179,0.9944818039303341,13.54763499539761,13.622808322741976,0.02397694986108395,0.999816138174494,inf,inf,True,inf,0.06545255012317366,0.9944818039303341,13.54763499539761,True,15.193935179895076,0.5006266154783398
pyridine,0.01,19,0.000738136213693179,0.8979790117347896,13.54763499539761,15.086805836614351,0.02397694986108395,0.3696539249607827,inf,inf,True,inf,0.005396554094718939,0.8979790117347896,13.54763499539761,True,166.3985936161653,0.18836266500942017
benzene,1e-05,0,0.0003205570382097954,0.0011445309513758123,0.031195696266245406,27.256315112095336,0.06771922322584292,7.107599284352429e-05,0.01719168218843973,0.8541260623804,True,241.87748212378375,1.3940214186793781e-06,0.0011445309513758123,0.031195696266245406,True,821.0282396235203,4.304507025425931e-05
benzene,1e-05,1,0.0003205570382097954,0.002600155034835485,0.031195696266245406,11.997629313753285,0.06771922322584292,6.782665335922146e-05,0.0399292420341259,0.8541260623804,True,588.6954472403918,6.273182210506448e-07,0.002600155034835485,0.031195696266245406,True,4144.874080782629,4.0161584659576e-05
benzene,1e-05,2,0.0003205570382097954,0.0015720490367485051,0.031195696266245406,19.843971490080218,0.06771922322584292,6.680097160222454e-05,0.023765928870287042,0.8541260623804,True,355.77220361111654,1.0995031406689504e-06,0.0015720490367485051,0.031195696266245406,True,1429.7813063017286,4.008195485218208e-05
benzene,1e-05,3,0.0003205570382097954,0.0019782551644702885,0.031195696266245406,15.769298534650147,0.06771922322584292,7.786500798055491e-05,0.030091664646974527,0.8541260623804,True,386.4594049035385,5.193765788558125e-07,0.0019782551644702885,0.031195696266245406,True,3808.9032986978123,4.540975642318114e-05
benzene,1e-05,4,0.0003205570382097954,0.001755521613113671,0.031195696266245406,17.77004397622615,0.06771922322584292,9.993870548186157e-05,0.026613449066583337,0.8541260623804,True,266.2977165680174,4.76626365875088e-07,0.001755521613113671,0.031195696266245406,True,3683.2238810174213,5.494804857140628e-05
benzene,1e-05,5,0.0003205570382097954,0.0023578079925657804,0.031195696266245406,13.230804359220985,0.06771922322584292,4.470089070429962e-05,0.03607339259945157,0.8541260623804,True,806.9949397223487,6.105965939052008e-07,0.0023578079925657804,0.031195696266245406,True,3861.482386408212,3.408451788393142e-05
benzene,1e-05,6,0.0003205570382097954,0.0014276425535746553,0.031195696266245406,21.851195306650755,0.06771922322584292,7.567359697785969e-05,0.02153580498604524,0.8541260623804,True,284.58809738284424,7.135673523728236e-07,0.0014276425535746553,0.031195696266245406,True,2000.7117041262038,4.829465883155525e-05
benzene,1e-05,7,0.0003205570382097954,0.0014566902431640664,0.031195696266245406,21.415463179382225,0.06771922322584292,5.0957568278898304e-05,0.021983618458184324,0.8541260623804,True,431.41027330552214,7.876217276697045e-07,0.0014566902431640664,0.031195696266245406,True,1849.4795051856938,3.535839578977044e-05
benzene,1e-05,8,0.0003205570382097954,0.001882777555334024,0.031195696266245406,16.568976073602585,0.06771922322584292,7.577542440338684e-05,0.028597800749401707,0.8541260623804,True,377.402053166508,1.2594210846653825e-06,0.001882777555334024,0.031195696266245406,True,1494.9547679156587,4.7696019332532874e-05
benzene,1e-05,9,0.0003205570382097954,0.0026281311391436594,0.031195696266245406,11.869916155101034,0.06771922322584292,6.364738093373704e-05,0.04037620287032629,0.8541260623804,True,634.3733595630863,1.090866656827498e-06,0.0026281311391436594,0.031195696266245406,True,2409.2139242635717,3.956307405950062e-05
benzene,1e-05,10,0.0003205570382097954,0.0026473880826924164,0.031195696266245406,11.78357509055458,0.06771922322584292,7.95790413419147e-05,0.04068408516324258,0.8541260623804,True,511.2412071972782,8.714513252336409e-07,0.0026473880826924164,0.031195696266245406,True,3037.9070018427446,4.598607711656491e-05
benzene,1e-05,11,0.0003205570382097954,0.0027807860687437944,0.031195696266245406,11.218301406529234,0.06771922322584292,7.648259012930715e-05,0.042821881623305996,0.8541260623804,True,559.8905783774862,9.606446374037236e-07,0.0027807860687437944,0.031195696266245406,True,2894.708366102222,4.813596462679222e-05
benzene,1e-05,12,0.0003205570382097954,0.002171820074250866,0.031195696266245406,14.363849305981692,0.06771922322584292,4.2672474329479923e-05,0.033133579208745746,0.8541260623804,True,776.4625728734856,1.4719236397370272e-06,0.002171820074250866,0.031195696266245406,True,1475.4977878056784,3.146097799403536e-05
benzene,1e-05,13,0.0003205570382097954,0.0010279162941321486,0.031195696266245406,30.348479194585952,0.06771922322584292,6.055277490205215e-05,0.01541304768827958,0.8541260623804,True,254.53908120992202,7.167779524364093e-07,0.0010279162941321486,0.031195696266245406,True,1434.0791184189536,3.859023167530403e-05
benzene,1e-05,14,0.0003205570382097954,0.0015027356118111135,0.031195696266245406,20.75927130564771,0.06771922322584292,8.439214988244916e-05,0.022694281529554758,0.8541260623804,True,268.91460356402695,4.509511512254191e-07,0.0015027356118111135,0.031195696266245406,True,3332.368944457875,5.177757493319415e-05
benzene,1e-05,15,0.0003205570382097954,0.0031168718112606153,0.031195696266245406,10.008655522354749,0.06771922322584292,8.085366356341225e-05,0.048247033474962064,0.8541260623804,True,596.7204372517107,7.17261617873971e-07,0.0031168718112606153,0.031195696266245406,True,4345.515964592261,4.9012333919760235e-05
benzene,1e-05,16,0.0003205570382097954,0.0014999105953127226,0.031195696266245406,20.79837049203675,0.06771922322584292,5.4747845703125256e-05,0.022650651837500254,0.8541260623804,True,413.72681512118845,8.941443552894224e-07,0.0014999105953127226,0.031195696266245406,True,1677.4814787341827,3.7529177223745525e-05
benzene,1e-05,17,0.0003205570382097954,0.0018187018480737165,0.031195696266245406,17.152726984517237,0.06771922322584292,6.244228608557447e-05,0.02759768526941025,0.8541260623804,True,441.97109041761877,3.5260044745077934e-07,0.0018187018480737165,0.031195696266245406,True,5157.968066185154,4.11463209098165e-05
benzene,1e-05,18,0.0003205570382097954,0.0019436555074012684,0.031195696266245406,16.05001305398768,0.06771922322584292,6.0861131004364365e-05,0.02954980967585508,0.8541260623804,True,485.5284347860058,8.148744269041719e-07,0.0019436555074012684,0.031195696266245406,True,2385.2208919913,4.360345085510399e-05
benzene,1e-05,19,0.0003205570382097954,0.0024314862971312116,0.031195696266245406,12.829887753450077,0.06771922322584292,6.567932707231173e-05,0.037242618775194705,0.8541260623804,True,567.0371551491578,6.456744676142101e-07,0.0024314862971312116,0.031195696266245406,True,3765.8083431975238,3.827345195418192e-05
benzene,0.0001,0,0.0003205570382097954,0.008960975037362802,0.31195696266245404,34.81283692474858,0.06771922322584292,0.0005061294290460526,0.15250582366952953,inf,True,301.3178347620902,1.3278473419340436e-05,0.008960975037362802,0.31195696266245404,True,674.8497929220472,0.00036031074322717124
benzene,0.0001,1,0.0003205570382097954,0.0322580719375962,0.31195696266245404,9.670663617650186,0.06771922322584292,0.0011190903371548105,0.9096735657391882,inf,True,812.8687520008026,1.2520748065455306e-05,0.0322580719375962,0.31195696266245404,True,2576.369380564097,0.0006343554185119221
benzene,0.0001,2,0.0003205570382097954,0.028741714437953286,0.31195696266245404,10.853804957804343,0.06771922322584292,0.0008378166227318812,0.7373922893420879,inf,True,880.1356637418602,1.2283840752916157e-05,0.028741714437953286,0.31195696266245404,True,2339.798684798976,0.000506304655906118
benzene,0.0001,3,0.0003205570382097954,0.012871566330175051,0.31195696266245404,24.236130604488093,0.06771922322584292,0.0008647463752120674,0.2346785087767662,inf,True,271.38420640296346,7.563058689972514e-06,0.012871566330175051,0.31195696266245404,True,1701.899569712559,0.0005394195146717477
benzene,0.0001,4,0.0003205570382097954,0.04119228761089058,0.31195696266245404,7.573188593196208,0.06771922322584292,0.0008090889188696476,1.552847573832534,inf,True,1919.2545313832354,1.0981085227462425e-05,0.04119228761089058,0.31195696266245404,True,3751.203706886222,0.0004749374766729489
benzene,0.0001,5,0.0003205570382097954,0.05061387216387626,0.31195696266245404,6.163467629040672,0.06771922322584292,0.00047818389762879055,2.9589496281321566,inf,True,6187.890564289055,1.1373546053658305e-05,0.05061387216387626,0.31195696266245404,True,4450.139993726608,0.0003154431066524723
benzene,0.0001,6,0.0003205570382097954,0.03503413690510328,0.31195696266245404,8.9043712852824,0.06771922322584292,0.0006602078049582438,1.0718691871060806,inf,True,1623.533043772291,5.171718271634873e-06,0.03503413690510328,0.31195696266245404,True,6774.177374907229,0.00040456234885222653
benzene,0.0001,7,0.0003205570382097954,0.012170749048945476,0.31195696266245404,25.63169788547101,0.06771922322584292,0.0008131525492308772,0.21910141060197252,inf,True,269.44687169610455,9.399796073771352e-06,0.012170749048945476,0.31195696266245404,True,1294.7886266284042,0.00047560238839538144
benzene,0.0001,8,0.0003205570382097954,0.013201535803271823,0.31195696266245404,23.63035387027771,0.06771922322584292,0.0005693310603000932,0.24215142694783856,inf,True,425.3262184926307,1.5560343490041498e-05,0.013201535803271823,0.31195696266245404,True,848.4090220579453,0.0003848808245568483
benzene,0.0001,9,0.0003205570382097954,0.03652288803215483,0.31195696266245404,8.541410043691135,0.06771922322584292,0.000818564006166816,1.1707429031453813,inf,True,1430.2399010038982,1.1301273871472395e-05,0.03652288803215483,0.31195696266245404,True,3231.7496635798652,0.0004958964347182591
benzene,0.0001,10,0.0003205570382097954,0.015909920158199933,0.31195696266245404,19.60770133102599,0.06771922322584292,0.0005354044796377313,0.30708616437916,inf,True,573.5591988078668,8.450493991435555e-06,0.015909920158199933,0.31195696266245404,True,1882.7207231109082,0.0003662834935892269
benzene,0.0001,11,0.0003205570382097954,0.015158155605284579,0.31195696266245404,20.58013987887132,0.06771922322584292,0.0006975047864831817,0.2883913187363746,inf,True,413.46141893942155,1.0864484257131976e-05,0.015158155605284579,0.31195696266245404,True,1395.2025007845198,0.0004431583366797731
benzene,0.0001,12,0.0003205570382097954,0.05709269948860779,0.31195696266245404,5.464042959200091,0.06771922322584292,0.0007888082360254823,5.372660043900912,inf,True,6811.110481010938,6.2492692228894794e-06,0.05709269948860779,0.31195696266245404,True,9135.900127248766,0.00047823938630192327
benzene,0.0001,13,0.0003205570382097954,0.01312239456782653,0.31195696266245404,23.77286866737796,0.06771922322584292,0.0005569674602878766,0.24035085719030647,inf,True,431.53482802402436,1.0378312465794681e-05,0.01312239456782653,0.31195696266245404,True,1264.4054234323662,0.00041328412733315247
benzene,0.0001,14,0.0003205570382097954,0.05740865766905672,0.31195696266245404,5.433970681927282,0.06771922322584292,0.000791826346964913,5.567944585859457,inf,True,7031.774842049024,6.80401973507383e-06,0.05740865766905672,0.31195696266245404,True,8437.461956955036,0.00046421790036063273
benzene,0.0001,15,0.0003205570382097954,0.018772068203898207,0.31195696266245404,16.618145601967985,0.06771922322584292,0.0008996632414275111,0.3835170439524429,inf,True,426.2895562387431,5.751888211691716e-06,0.018772068203898207,0.31195696266245404,True,3263.635785852149,0.0004984443358551096
benzene,0.0001,16,0.0003205570382097954,0.02926132326863476,0.31195696266245404,10.661068188834816,0.06771922322584292,0.0006402238332770325,0.760866383790941,inf,True,1188.438080938647,3.5757780273018916e-06,0.02926132326863476,0.31195696266245404,True,8183.204618748086,0.00039902979438615063
benzene,0.0001,17,0.0003205570382097954,0.025421766487417754,0.31195696266245404,12.271254352715967,0.06771922322584292,0.000817177896294223,0.6010235235803982,inf,True,735.4867603565248,1.0283159197975802e-05,0.025421766487417754,0.31195696266245404,True,2472.174746883421,0.0004466249854607967
benzene,0.0001,18,0.0003205570382097954,0.02723969491867229,0.31195696266245404,11.452292824638558,0.06771922322584292,0.0005693835562982021,0.6729252058465065,inf,True,1181.848682497035,1.2130055907106155e-05,0.02723969491867229,0.31195696266245404,True,2245.63638677992,0.0004218309251926978
benzene,0.0001,19,0.0003205570382097954,0.00892276991329682,0.31195696266245404,34.961896999895956,0.06771922322584292,0.0004948243853504115,0.1517569412880362,inf,True,306.68848541198923,8.157671714963989e-06,0.00892276991329682,0.31195696266245404,True,1093.7887947769923,0.0003836393967346276
benzene,0.001,0,0.0003205570382097954,0.3157028107995863,3.1195696266245405,9.881348913947106,0.06771922322584292,0.00499837169848521,inf,inf,True,inf,0.00019466276040424647,0.3157028107995863,3.1195696266245405,True,1621.793557966516,0.0037112623053039496
benzene,0.001,1,0.0003205570382097954,0.2285296327044336,3.1195696266245405,13.650613225547003,0.06771922322584292,0.006859524128672549,inf,inf,True,inf,0.0001494892657579053,0.2285296327044336,3.1195696266245405,True,1528.7360704181428,0.004537732215622462
benzene,0.001,2,0.0003205570382097954,0.1297345923959161,3.1195696266245405,24.0457812292995,0.06771922322584292,0.008202017393400237,inf,inf,True,inf,0.00014403267100845853,0.1297345923959161,3.1195696266245405,True,900.7303099190407,0.005216322226030702
benzene,0.001,3,0.0003205570382097954,0.12166821515002407,3.1195696266245405,25.63997197442181,0.06771922322584292,0.008866207246980723,inf,inf,True,inf,0.00011265875980184109,0.12166821515002407,3.1195696266245405,True,1079.9711923336454,0.004843948478029738
benzene,0.001,4,0.0003205570382097954,0.24208737275615586,3.1195696266245405,12.88613111501172,0.06771922322584292,0.009601943502327044,inf,inf,True,inf,0.00012109347899969154,0.24208737275615586,3.1195696266245405,True,1999.1776167961325,0.005396084474403985
benzene,0.001,5,0.0003205570382097954,0.16442015288431172,3.1195696266245405,18.973158532576676,0.06771922322584292,0.005849438025753349,inf,inf,True,inf,0.0001609864647819665,0.16442015288431172,3.1195696266245405,True,1021.329048420286,0.003773509494370108
benzene,0.001,6,0.0003205570382097954,0.2849420277511629,3.1195696266245405,10.948085304386302,0.06771922322584292,0.007619055463150024,inf,inf,True,inf,0.0001395063192312562,0.2849420277511629,3.1195696266245405,True,2042.50265738014,0.004694641230701239
benzene,0.001,7,0.0003205570382097954,0.17676583371631058,3.1195696266245405,17.648035036177305,0.06771922322584292,0.006639661535388259,inf,inf,True,inf,7.04084486777912e-05,0.17676583371631058,3.1195696266245405,True,2510.577026419664,0.0041402165170376206
benzene,0.001,8,0.0003205570382097954,0.1202844068444649,3.1195696266245405,25.934946253327208,0.06771922322584292,0.006502139761299984,inf,inf,True,inf,7.103273160146816e-05,0.1202844068444649,3.1195696266245405,True,1693.3659192402333,0.004237758376812122
benzene,0.001,9,0.0003205570382097954,0.16259249825879973,3.1195696266245405,19.18643024759419,0.06771922322584292,0.006289869858791727,inf,inf,True,inf,0.0001435231443764149,0.16259249825879973,3.1195696266245405,True,1132.8660542189075,0.004058816976323313
benzene,0.001,10,0.0003205570382097954,0.5571278802403582,3.1195696266245405,5.599378055319515,0.06771922322584292,0.007238381058839351,inf,inf,True,inf,0.00015571994322872377,0.5571278802403582,3.1195696266245405,True,3577.7554800546036,0.004337384358296676
benzene,0.001,11,0.0003205570382097954,0.1233178931300781,3.1195696266245405,25.296974732887776,0.06771922322584292,0.009853388433317973,inf,inf,True,inf,5.986762666920775e-05,0.1233178931300781,3.1195696266245405,True,2059.8426894631734,0.005486164266413246
benzene,0.001,12,0.0003205570382097954,0.17400239514492455,3.1195696266245405,17.928314285710194,0.06771922322584292,0.007508468252431563,inf,inf,True,inf,8.898249765438866e-05,0.17400239514492455,3.1195696266245405,True,1955.4676451177663,0.004857204362663376
benzene,0.001,13,0.0003205570382097954,0.22306876013906302,3.1195696266245405,13.984789374719139,0.06771922322584292,0.007172611955483972,inf,inf,True,inf,0.0001149292832472934,0.22306876013906302,3.1195696266245405,True,1940.9218767951927,0.004205521483995114
benzene,0.001,14,0.0003205570382097954,0.19746165880452116,3.1195696266245405,15.798356225259836,0.06771922322584292,0.0070540445794928875,inf,inf,True,inf,0.00023813551934993328,0.19746165880452116,3.1195696266245405,True,829.1986820931024,0.00442987440018781
benzene,0.001,15,0.0003205570382097954,0.23603474627578608,3.1195696266245405,13.216569491762856,0.06771922322584292,0.0066132722262759736,inf,inf,True,inf,0.000198818115923996,0.23603474627578608,3.1195696266245405,True,1187.1893322136561,0.004215613176372272
benzene,0.001,16,0.0003205570382097954,0.19488726347621757,3.1195696266245405,16.00704720760383,0.06771922322584292,0.006671998126929693,inf,inf,True,inf,7.391324484529171e-05,0.19488726347621757,3.1195696266245405,True,2636.702851892612,0.004211977582209991
benzene,0.001,17,0.0003205570382097954,0.32727248844848356,3.1195696266245405,9.532025259482197,0.06771922322584292,0.006287385095997158,inf,inf,True,inf,0.00010749361915925962,0.32727248844848356,3.1195696266245405,True,3044.575957235243,0.003987270986220013
benzene,0.001,18,0.0003205570382097954,0.3436498455291929,3.1195696266245405,9.07775652225496,0.06771922322584292,0.007118884747473358,inf,inf,True,inf,7.511993656887563e-05,0.3436498455291929,3.1195696266245405,True,4574.682317710809,0.004166027101388408
benzene,0.001,19,0.0003205570382097954,0.19359874300175345,3.1195696266245405,16.11358409799327,0.06771922322584292,0.005685522904014309,inf,inf,True,inf,0.00016608366417885517,0.19359874300175345,3.1195696266245405,True,1165.6699890319576,0.0036881201424882734
benzene,0.01,0,0.0003205570382097954,1.898896096040006,31.195696266245402,16.428332403916936,0.06771922322584292,0.9999853444882794,inf,inf,True,inf,0.24630303677345908,1.898896096040006,31.195696266245402,True,7.709592707078737,0.5700001797245104
benzene,0.01,1,0.0003205570382097954,4.139368734475978,31.195696266245402,7.536341473138805,0.06771922322584292,0.9999983341670401,inf,inf,True,inf,0.2476281818152101,4.139368734475978,31.195696266245402,True,16.71606480382325,0.5017878327415786
benzene,0.01,2,0.0003205570382097954,2.5726461855318847,31.195696266245402,12.125917835761706,0.06771922322584292,0.9999992553305532,inf,inf,True,inf,0.2469665405924362,2.5726461855318847,31.195696266245402,True,10.416982719037515,0.5045776804230929
benzene,0.01,3,0.0003205570382097954,1.4110046144015018,31.195696266245402,22.1088548881022,0.06771922322584292,0.9999182697181777,inf,inf,True,inf,0.2313082403095959,1.4110046144015018,31.195696266245402,True,6.100105264356057,0.50183231155675
benzene,0.01,4,0.0003205570382097954,2.508730947276829,31.195696266245402,12.43485129408063,0.06771922322584292,0.9996487978834399,inf,inf,True,inf,0.24621106215188063,2.508730947276829,31.195696266245402,True,10.189351060632946,0.5027387820801998
benzene,0.01,5,0.0003205570382097954,4.618003689049704,31.195696266245402,6.755234158910963,0.06771922322584292,0.10949231500550857,inf,inf,True,inf,0.004583779630418604,4.618003689049704,31.195696266245402,True,1007.4663403109488,0.06912049798194013
benzene,0.01,6,0.0003205570382097954,2.942318783777124,31.195696266245402,10.60241889432482,0.06771922322584292,0.9999946524593747,inf,inf,True,inf,0.24684234291113785,2.942318783777124,31.195696266245402,True,11.919830078895117,0.5017890618027776
benzene,0.01,7,0.0003205570382097954,1.789750676634341,31.195696266245402,17.43019107270823,0.06771922322584292,0.9999953196314935,inf,inf,True,inf,0.24603530121835746,1.789750676634341,31.195696266245402,True,7.274365376722623,0.5021983282103771
benzene,0.01,8,0.0003205570382097954,2.500899116294709,31.195696266245402,12.473792350514495,0.06771922322584292,0.9999999306303106,inf,inf,True,inf,0.24735863575293984,2.500899116294709,31.195696266245402,True,10.110417647971628,0.5027413934710989
benzene,0.01,9,0.0003205570382097954,2.115773261931678,31.195696266245402,14.744347528885998,0.06771922322584292,0.9997792399216406,inf,inf,True,inf,0.24542941162988582,2.115773261931678,31.195696266245402,True,8.620699727391765,0.5030832042410511
benzene,0.01,10,0.0003205570382097954,1.8235960193698144,31.195696266245402,17.10669245539689,0.06771922322584292,0.9999603961225537,inf,inf,True,inf,0.2435968211849275,1.8235960193698144,31.195696266245402,True,7.486124040943146,0.512230613009509
benzene,0.01,11,0.0003205570382097954,3.4857479511847904,31.195696266245402,8.949498559022928,0.06771922322584292,0.2398369789911027,inf,inf,True,inf,0.007322946883649104,3.4857479511847904,31.195696266245402,True,476.0034459580573,0.12441797472265731
benzene,0.01,12,0.0003205570382097954,1.3820528368616496,31.195696266245402,22.57199973416664,0.06771922322584292,0.9997265306065254,inf,inf,True,inf,0.24541842421027563,1.3820528368616496,31.195696266245402,True,5.631414354113448,0.5039525518748879
benzene,0.01,13,0.0003205570382097954,1.8060212709137198,31.195696266245402,17.273161046692753,0.06771922322584292,0.9999996546212676,inf,inf,True,inf,0.2474230125394661,1.8060212709137198,31.195696266245402,True,7.299326171714298,0.5024466506360346
benzene,0.01,14,0.0003205570382097954,1.5205693986118909,31.195696266245402,20.515799078110852,0.06771922322584292,0.9999773063304813,inf,inf,True,inf,0.2441927145603548,1.5205693986118909,31.195696266245402,True,6.22692368750447,0.50518158561663
benzene,0.01,15,0.0003205570382097954,2.2607398692124114,31.195696266245402,13.798888006125733,0.06771922322584292,0.9999985951813707,inf,inf,True,inf,0.24734341325816153,2.2607398692124114,31.195696266245402,True,9.140085193426167,0.5363716717280539
benzene,0.01,16,0.0003205570382097954,1.3378055490276697,31.195696266245402,23.318557983945233,0.06771922322584292,0.997547647093992,inf,inf,True,inf,0.20787773790711983,1.3378055490276697,31.195696266245402,True,6.435540248304048,0.5005171234425746
benzene,0.01,17,0.0003205570382097954,1.9226150431306135,31.195696266245402,16.225659097855146,0.06771922322584292,0.9999894950326104,inf,inf,True,inf,0.24624679479188563,1.9226150431306135,31.195696266245402,True,7.807675404488018,0.501677472570788
benzene,0.01,18,0.0003205570382097954,1.0267070554910391,31.195696266245402,30.38422313298077,0.06771922322584292,0.9972546339355941,inf,inf,True,inf,0.09491554442339321,1.0267070554910391,31.195696266245402,True,10.817059120592194,0.49932245304794143
benzene,0.01,19,0.0003205570382097954,1.5269949058413197,31.195696266245402,20.429469768962775,0.06771922322584292,0.9999650478042224,inf,inf,True,inf,0.24683123834809947,1.5269949058413197,31.195696266245402,True,6.186392435822243,0.5019574814067501
